고객ID,최근성(일),빈도(회),금액(원),R,F,M,RFM,세그먼트
CUS-****070,0,9,1224600,5,5,5,555,챔피언
CUS-****063,0,7,1093200,5,5,5,555,챔피언
CUS-****002,0,7,868400,5,5,5,555,챔피언
CUS-****022,0,6,836900,5,5,5,555,챔피언
CUS-****061,0,5,811800,5,4,5,545,챔피언
CUS-****029,0,6,587200,5,5,5,555,챔피언
CUS-****058,1,8,1267400,5,5,5,555,챔피언
CUS-****023,1,9,1155900,5,5,5,555,챔피언
CUS-****006,1,8,985000,5,5,5,555,챔피언
CUS-****065,1,7,720600,5,5,5,555,챔피언
CUS-****031,1,7,695900,5,5,5,555,챔피언
CUS-****019,1,7,605700,5,5,5,555,챔피언
CUS-****028,1,5,499000,5,4,5,545,챔피언
CUS-****040,2,7,1152700,5,5,5,555,챔피언
CUS-****012,2,7,758300,5,5,5,555,챔피언
CUS-****064,3,8,1486800,5,5,5,555,챔피언
CUS-****004,3,7,1242300,5,5,5,555,챔피언
CUS-****001,3,6,901500,5,5,5,555,챔피언
CUS-****055,3,6,616100,5,5,5,555,챔피언
CUS-****054,3,5,495300,5,4,5,545,챔피언
CUS-****013,3,5,490300,5,4,5,545,챔피언
CUS-****071,4,8,1031800,5,5,5,555,챔피언
CUS-****053,4,7,964100,5,5,5,555,챔피언
CUS-****016,4,7,847500,5,5,5,555,챔피언
CUS-****147,4,5,785800,5,4,5,545,챔피언
CUS-****149,4,6,631100,5,5,5,555,챔피언
CUS-****168,4,6,568900,5,5,5,555,챔피언
CUS-****205,4,5,526700,5,4,5,545,챔피언
CUS-****183,4,5,442500,5,4,5,545,챔피언
CUS-****051,5,7,1345600,5,5,5,555,챔피언
CUS-****125,5,5,761000,5,4,5,545,챔피언
CUS-****094,5,5,698500,5,4,5,545,챔피언
CUS-****036,5,7,656800,5,5,5,555,챔피언
CUS-****172,5,6,401900,5,5,5,555,챔피언
CUS-****056,6,8,762000,5,5,5,555,챔피언
CUS-****005,6,7,588000,5,5,5,555,챔피언
CUS-****124,6,6,500800,5,5,5,555,챔피언
CUS-****025,7,9,1141500,5,5,5,555,챔피언
CUS-****010,7,7,972000,5,5,5,555,챔피언
CUS-****043,7,6,744200,5,5,5,555,챔피언
CUS-****203,7,6,611000,5,5,5,555,챔피언
CUS-****182,7,5,356900,5,4,5,545,챔피언
CUS-****033,8,6,1032300,5,5,5,555,챔피언
CUS-****026,8,6,546500,5,5,5,555,챔피언
CUS-****011,9,6,1091400,5,5,5,555,챔피언
CUS-****018,9,7,783500,5,5,5,555,챔피언
CUS-****113,9,6,633600,5,5,5,555,챔피언
CUS-****050,9,7,617500,5,5,5,555,챔피언
CUS-****171,9,6,566900,5,5,5,555,챔피언
CUS-****210,9,5,497200,5,4,5,545,챔피언
CUS-****155,9,6,456200,5,5,5,555,챔피언
CUS-****057,10,7,830100,5,5,5,555,챔피언
CUS-****187,10,5,211800,5,4,4,544,챔피언
CUS-****034,11,7,968000,5,5,5,555,챔피언
CUS-****131,11,6,937600,5,5,5,555,챔피언
CUS-****008,11,7,655400,5,5,5,555,챔피언
CUS-****112,11,6,644100,5,5,5,555,챔피언
CUS-****115,11,5,607800,5,4,5,545,챔피언
CUS-****202,11,6,585400,5,5,5,555,챔피언
CUS-****024,11,6,584800,5,5,5,555,챔피언
CUS-****073,11,5,463500,5,4,5,545,챔피언
CUS-****096,11,5,383200,5,4,5,545,챔피언
CUS-****048,12,6,532200,5,5,5,555,챔피언
CUS-****197,12,6,494700,5,5,5,555,챔피언
CUS-****042,13,7,682100,5,5,5,555,챔피언
CUS-****091,13,5,653000,5,4,5,545,챔피언
CUS-****089,13,6,647500,5,5,5,555,챔피언
CUS-****101,13,6,610400,5,5,5,555,챔피언
CUS-****198,13,5,567400,5,4,5,545,챔피언
CUS-****150,13,6,513000,5,5,5,555,챔피언
CUS-****138,13,5,218200,5,4,4,544,챔피언
CUS-****035,14,9,1114300,5,5,5,555,챔피언
CUS-****052,14,6,828500,5,5,5,555,챔피언
CUS-****062,14,6,772000,5,5,5,555,챔피언
CUS-****190,14,6,737000,5,5,5,555,챔피언
CUS-****136,14,6,385100,5,5,5,555,챔피언
CUS-****129,14,6,339500,5,5,5,555,챔피언
CUS-****201,14,5,334800,5,4,5,545,챔피언
CUS-****067,15,9,1453900,5,5,5,555,챔피언
CUS-****119,15,6,651700,5,5,5,555,챔피언
CUS-****095,15,6,588800,5,5,5,555,챔피언
CUS-****199,16,5,652600,5,4,5,545,챔피언
CUS-****152,16,5,344300,5,4,5,545,챔피언
CUS-****007,17,7,1097100,5,5,5,555,챔피언
CUS-****009,17,7,936000,5,5,5,555,챔피언
CUS-****014,17,6,708800,5,5,5,555,챔피언
CUS-****093,17,5,675200,5,4,5,545,챔피언
CUS-****196,17,5,338100,5,4,5,545,챔피언
CUS-****047,18,7,1041900,5,5,5,555,챔피언
CUS-****127,18,6,524300,5,5,5,555,챔피언
CUS-****151,18,5,475700,5,4,5,545,챔피언
CUS-****044,19,8,952700,5,5,5,555,챔피언
CUS-****066,19,7,773800,5,5,5,555,챔피언
CUS-****017,19,6,631300,5,5,5,555,챔피언
CUS-****038,19,5,613900,5,4,5,545,챔피언
CUS-****104,19,6,601600,5,5,5,555,챔피언
CUS-****049,20,6,1007400,5,5,5,555,챔피언
CUS-****039,20,6,928500,5,5,5,555,챔피언
CUS-****072,20,6,883300,5,5,5,555,챔피언
CUS-****117,20,5,593600,5,4,5,545,챔피언
CUS-****100,20,6,541300,5,5,5,555,챔피언
CUS-****165,20,5,432400,5,4,5,545,챔피언
CUS-****020,21,7,1011300,5,5,5,555,챔피언
CUS-****027,21,7,1001800,5,5,5,555,챔피언
CUS-****178,21,6,775400,5,5,5,555,챔피언
CUS-****015,21,7,753100,5,5,5,555,챔피언
CUS-****021,21,6,711600,5,5,5,555,챔피언
CUS-****030,21,7,690800,5,5,5,555,챔피언
CUS-****045,22,8,1036200,5,5,5,555,챔피언
CUS-****060,22,7,779500,5,5,5,555,챔피언
CUS-****046,22,7,582800,5,5,5,555,챔피언
CUS-****003,23,6,745600,5,5,5,555,챔피언
CUS-****037,23,7,737600,5,5,5,555,챔피언
CUS-****069,23,6,689400,5,5,5,555,챔피언
CUS-****098,23,6,660600,5,5,5,555,챔피언
CUS-****209,23,5,395400,5,4,5,545,챔피언
CUS-****032,24,8,1185900,5,5,5,555,챔피언
CUS-****059,24,6,834900,5,5,5,555,챔피언
CUS-****068,24,8,711600,5,5,5,555,챔피언
CUS-****041,24,7,600300,5,5,5,555,챔피언
CUS-****132,27,6,550500,5,5,5,555,챔피언
CUS-****181,27,6,466900,5,5,5,555,챔피언
CUS-****078,27,6,438900,5,5,5,555,챔피언
CUS-****134,27,5,428400,5,4,5,545,챔피언
CUS-****109,29,5,434700,5,4,5,545,챔피언
CUS-****120,29,5,293300,5,4,5,545,챔피언
CUS-****135,30,6,639900,5,5,5,555,챔피언
CUS-****122,4,4,269500,5,4,5,545,충성
CUS-****085,7,4,454700,5,4,5,545,충성
CUS-****086,8,4,496600,5,4,5,545,충성
CUS-****174,8,4,279500,5,4,5,545,충성
CUS-****398,9,3,263500,5,3,5,535,충성
CUS-****169,10,4,561000,5,4,5,545,충성
CUS-****099,10,4,343600,5,4,5,545,충성
CUS-****248,10,3,165500,5,3,4,534,충성
CUS-****326,10,3,103600,5,3,3,533,충성
CUS-****097,11,4,364100,5,4,5,545,충성
CUS-****273,11,3,286700,5,3,5,535,충성
CUS-****219,11,3,223500,5,3,4,534,충성
CUS-****246,11,3,137200,5,3,3,533,충성
CUS-****294,12,3,218800,5,3,4,534,충성
CUS-****204,13,4,552500,5,4,5,545,충성
CUS-****287,13,3,345000,5,3,5,535,충성
CUS-****340,13,3,204500,5,3,4,534,충성
CUS-****454,13,3,190200,5,3,4,534,충성
CUS-****393,13,3,139400,5,3,3,533,충성
CUS-****108,14,4,320300,5,4,5,545,충성
CUS-****234,14,3,149800,5,3,3,533,충성
CUS-****106,16,4,419800,5,4,5,545,충성
CUS-****369,16,3,330300,5,3,5,535,충성
CUS-****191,17,4,383300,5,4,5,545,충성
CUS-****116,18,4,386400,5,4,5,545,충성
CUS-****282,18,3,288000,5,3,5,535,충성
CUS-****223,18,3,229400,5,3,4,534,충성
CUS-****408,18,3,210500,5,3,4,534,충성
CUS-****327,19,3,329400,5,3,5,535,충성
CUS-****153,20,4,290100,5,4,5,545,충성
CUS-****415,20,3,155100,5,3,4,534,충성
CUS-****244,21,3,349200,5,3,5,535,충성
CUS-****128,21,4,285300,5,4,5,545,충성
CUS-****105,22,4,548400,5,4,5,545,충성
CUS-****306,22,3,131600,5,3,3,533,충성
CUS-****274,23,3,160500,5,3,4,534,충성
CUS-****235,24,3,252400,5,3,5,535,충성
CUS-****332,25,3,396100,5,3,5,535,충성
CUS-****084,25,4,389400,5,4,5,545,충성
CUS-****074,26,4,289800,5,4,5,545,충성
CUS-****410,26,3,196800,5,3,4,534,충성
CUS-****188,26,4,158100,5,4,4,544,충성
CUS-****175,27,4,439200,5,4,5,545,충성
CUS-****249,27,3,328500,5,3,5,535,충성
CUS-****217,27,3,121300,5,3,3,533,충성
CUS-****355,28,3,297600,5,3,5,535,충성
CUS-****167,28,4,274100,5,4,5,545,충성
CUS-****382,29,3,248900,5,3,4,534,충성
CUS-****451,30,3,302900,5,3,5,535,충성
CUS-****295,30,3,241300,5,3,4,534,충성
CUS-****137,30,4,225500,5,4,4,544,충성
CUS-****232,30,3,223400,5,3,4,534,충성
CUS-****370,30,3,215300,5,3,4,534,충성
CUS-****293,30,3,129800,5,3,3,533,충성
CUS-****103,31,5,715200,4,4,5,445,충성
CUS-****156,31,5,542500,4,4,5,445,충성
CUS-****114,31,4,473400,4,4,5,445,충성
CUS-****173,31,4,218800,4,4,4,444,충성
CUS-****334,31,3,184700,4,3,4,434,충성
CUS-****160,32,6,772600,4,5,5,455,충성
CUS-****184,32,4,443100,4,4,5,445,충성
CUS-****126,32,4,249800,4,4,4,444,충성
CUS-****121,33,5,374300,4,4,5,445,충성
CUS-****079,33,5,362700,4,4,5,445,충성
CUS-****133,33,5,340400,4,4,5,445,충성
CUS-****446,33,3,270600,4,3,5,435,충성
CUS-****455,33,3,210800,4,3,4,434,충성
CUS-****343,33,3,114000,4,3,3,433,충성
CUS-****207,34,5,505100,4,4,5,445,충성
CUS-****338,34,3,351500,4,3,5,435,충성
CUS-****176,35,4,510600,4,4,5,445,충성
CUS-****194,35,4,238800,4,4,4,444,충성
CUS-****111,36,5,606200,4,4,5,445,충성
CUS-****158,36,5,403900,4,4,5,445,충성
CUS-****076,36,5,346000,4,4,5,445,충성
CUS-****082,36,4,266700,4,4,5,445,충성
CUS-****352,36,3,174400,4,3,4,434,충성
CUS-****107,37,6,378300,4,5,5,455,충성
CUS-****123,37,4,218500,4,4,4,444,충성
CUS-****193,38,6,761200,4,5,5,455,충성
CUS-****102,38,6,533800,4,5,5,455,충성
CUS-****144,38,6,457800,4,5,5,455,충성
CUS-****177,38,5,354400,4,4,5,445,충성
CUS-****331,38,3,174600,4,3,4,434,충성
CUS-****179,40,6,826800,4,5,5,455,충성
CUS-****154,40,4,479600,4,4,5,445,충성
CUS-****161,40,4,460500,4,4,5,445,충성
CUS-****143,41,4,652500,4,4,5,445,충성
CUS-****148,41,5,449600,4,4,5,445,충성
CUS-****401,41,3,423100,4,3,5,435,충성
CUS-****365,41,3,274200,4,3,5,435,충성
CUS-****301,41,3,143800,4,3,3,433,충성
CUS-****192,42,6,553500,4,5,5,455,충성
CUS-****080,43,6,627500,4,5,5,455,충성
CUS-****166,43,5,406300,4,4,5,445,충성
CUS-****389,43,3,313000,4,3,5,435,충성
CUS-****397,43,3,245800,4,3,4,434,충성
CUS-****378,43,3,209800,4,3,4,434,충성
CUS-****257,43,3,208700,4,3,4,434,충성
CUS-****375,43,3,180900,4,3,4,434,충성
CUS-****189,44,5,293400,4,4,5,445,충성
CUS-****141,44,4,289400,4,4,5,445,충성
CUS-****341,44,3,258400,4,3,5,435,충성
CUS-****400,45,3,293400,4,3,5,435,충성
CUS-****110,45,4,289900,4,4,5,445,충성
CUS-****363,45,3,271400,4,3,5,435,충성
CUS-****139,45,4,260900,4,4,5,445,충성
CUS-****354,45,3,163700,4,3,4,434,충성
CUS-****208,46,6,653300,4,5,5,455,충성
CUS-****145,46,6,526700,4,5,5,455,충성
CUS-****206,46,4,481600,4,4,5,445,충성
CUS-****390,46,3,448900,4,3,5,435,충성
CUS-****130,46,4,376600,4,4,5,445,충성
CUS-****313,46,3,122800,4,3,3,433,충성
CUS-****075,47,6,654800,4,5,5,455,충성
CUS-****164,47,6,596400,4,5,5,455,충성
CUS-****162,47,4,455400,4,4,5,445,충성
CUS-****180,47,4,361300,4,4,5,445,충성
CUS-****092,47,5,355100,4,4,5,445,충성
CUS-****218,47,3,307400,4,3,5,435,충성
CUS-****230,47,3,170000,4,3,4,434,충성
CUS-****090,48,5,586000,4,4,5,445,충성
CUS-****146,48,5,434400,4,4,5,445,충성
CUS-****142,48,5,308500,4,4,5,445,충성
CUS-****185,48,4,272400,4,4,5,445,충성
CUS-****159,48,5,239400,4,4,4,444,충성
CUS-****351,49,3,204800,4,3,4,434,충성
CUS-****320,49,3,154400,4,3,4,434,충성
CUS-****329,49,3,153400,4,3,4,434,충성
CUS-****118,50,5,724400,4,4,5,445,충성
CUS-****083,50,4,421100,4,4,5,445,충성
CUS-****088,50,4,348400,4,4,5,445,충성
CUS-****399,50,3,182000,4,3,4,434,충성
CUS-****195,51,6,638600,4,5,5,455,충성
CUS-****077,51,4,468800,4,4,5,445,충성
CUS-****420,51,3,201300,4,3,4,434,충성
CUS-****200,52,4,554000,4,4,5,445,충성
CUS-****081,52,6,526900,4,5,5,455,충성
CUS-****087,52,6,497300,4,5,5,455,충성
CUS-****157,52,5,438400,4,4,5,445,충성
CUS-****163,53,5,507800,4,4,5,445,충성
CUS-****309,53,3,267200,4,3,5,435,충성
CUS-****186,54,5,455300,4,4,5,445,충성
CUS-****170,54,6,437400,4,5,5,455,충성
CUS-****140,54,4,180700,4,4,4,444,충성
CUS-****303,55,3,384700,4,3,5,435,충성
CUS-****349,56,3,235400,4,3,4,434,충성
CUS-****229,57,3,122700,4,3,3,433,충성
CUS-****289,57,3,118400,4,3,3,433,충성
CUS-****607,0,1,127700,5,1,3,513,관심 필요
CUS-****640,1,1,137200,5,1,3,513,관심 필요
CUS-****609,1,1,88800,5,1,2,512,관심 필요
CUS-****587,1,1,86000,5,1,2,512,관심 필요
CUS-****631,1,1,80000,5,1,2,512,관심 필요
CUS-****603,1,1,42100,5,1,1,511,관심 필요
CUS-****574,1,1,40000,5,1,1,511,관심 필요
CUS-****473,1,1,31400,5,1,1,511,관심 필요
CUS-****610,2,1,47300,5,1,1,511,관심 필요
CUS-****556,2,1,42700,5,1,1,511,관심 필요
CUS-****604,2,1,36800,5,1,1,511,관심 필요
CUS-****636,2,1,36000,5,1,1,511,관심 필요
CUS-****499,2,1,27700,5,1,1,511,관심 필요
CUS-****500,2,1,25600,5,1,1,511,관심 필요
CUS-****614,3,1,85700,5,1,2,512,관심 필요
CUS-****544,3,1,57200,5,1,1,511,관심 필요
CUS-****598,3,1,43200,5,1,1,511,관심 필요
CUS-****464,3,1,38000,5,1,1,511,관심 필요
CUS-****553,3,1,37100,5,1,1,511,관심 필요
CUS-****517,4,1,66400,5,1,2,512,관심 필요
CUS-****463,4,1,39600,5,1,1,511,관심 필요
CUS-****565,4,1,38100,5,1,1,511,관심 필요
CUS-****532,4,1,36700,5,1,1,511,관심 필요
CUS-****479,5,1,77600,5,1,2,512,관심 필요
CUS-****630,5,1,39300,5,1,1,511,관심 필요
CUS-****524,5,1,35800,5,1,1,511,관심 필요
CUS-****546,5,1,35100,5,1,1,511,관심 필요
CUS-****624,6,1,73600,5,1,2,512,관심 필요
CUS-****540,6,1,61900,5,1,2,512,관심 필요
CUS-****643,6,1,39400,5,1,1,511,관심 필요
CUS-****543,6,1,36400,5,1,1,511,관심 필요
CUS-****575,6,1,35700,5,1,1,511,관심 필요
CUS-****484,6,1,26600,5,1,1,511,관심 필요
CUS-****549,6,1,25300,5,1,1,511,관심 필요
CUS-****482,7,1,76400,5,1,2,512,관심 필요
CUS-****561,7,1,42000,5,1,1,511,관심 필요
CUS-****629,7,1,38500,5,1,1,511,관심 필요
CUS-****525,8,1,104800,5,1,3,513,관심 필요
CUS-****635,8,1,36900,5,1,1,511,관심 필요
CUS-****325,9,2,219700,5,2,4,524,관심 필요
CUS-****608,9,1,111300,5,1,3,513,관심 필요
CUS-****570,9,1,84000,5,1,2,512,관심 필요
CUS-****509,9,1,46300,5,1,1,511,관심 필요
CUS-****498,9,1,45000,5,1,1,511,관심 필요
CUS-****599,9,1,43600,5,1,1,511,관심 필요
CUS-****586,9,1,42200,5,1,1,511,관심 필요
CUS-****460,9,1,40700,5,1,1,511,관심 필요
CUS-****596,9,1,36700,5,1,1,511,관심 필요
CUS-****637,9,1,31600,5,1,1,511,관심 필요
CUS-****364,10,2,96400,5,2,2,522,관심 필요
CUS-****238,10,2,92100,5,2,2,522,관심 필요
CUS-****615,10,1,41500,5,1,1,511,관심 필요
CUS-****584,10,1,41100,5,1,1,511,관심 필요
CUS-****568,11,1,95800,5,1,2,512,관심 필요
CUS-****641,11,1,91400,5,1,2,512,관심 필요
CUS-****279,11,2,81100,5,2,2,522,관심 필요
CUS-****589,11,1,42900,5,1,1,511,관심 필요
CUS-****469,11,1,41100,5,1,1,511,관심 필요
CUS-****534,11,1,36700,5,1,1,511,관심 필요
CUS-****435,12,2,128200,5,2,3,523,관심 필요
CUS-****267,12,2,116600,5,2,3,523,관심 필요
CUS-****551,12,1,36000,5,1,1,511,관심 필요
CUS-****541,12,1,33700,5,1,1,511,관심 필요
CUS-****612,12,1,33700,5,1,1,511,관심 필요
CUS-****531,12,1,24500,5,1,1,511,관심 필요
CUS-****322,13,2,246800,5,2,4,524,관심 필요
CUS-****314,13,2,78900,5,2,2,522,관심 필요
CUS-****504,13,1,48000,5,1,1,511,관심 필요
CUS-****611,13,1,46600,5,1,1,511,관심 필요
CUS-****542,13,1,41100,5,1,1,511,관심 필요
CUS-****606,13,1,40400,5,1,1,511,관심 필요
CUS-****648,13,1,39300,5,1,1,511,관심 필요
CUS-****550,13,1,36600,5,1,1,511,관심 필요
CUS-****448,14,2,93300,5,2,2,522,관심 필요
CUS-****571,14,1,66000,5,1,2,512,관심 필요
CUS-****576,14,1,50100,5,1,1,511,관심 필요
CUS-****591,14,1,46300,5,1,1,511,관심 필요
CUS-****625,14,1,44400,5,1,1,511,관심 필요
CUS-****495,14,1,39100,5,1,1,511,관심 필요
CUS-****538,14,1,36600,5,1,1,511,관심 필요
CUS-****474,15,1,124300,5,1,3,513,관심 필요
CUS-****360,15,2,101300,5,2,3,523,관심 필요
CUS-****291,15,2,74200,5,2,2,522,관심 필요
CUS-****595,15,1,71700,5,1,2,512,관심 필요
CUS-****457,15,1,43500,5,1,1,511,관심 필요
CUS-****506,15,1,36400,5,1,1,511,관심 필요
CUS-****468,15,1,23600,5,1,1,511,관심 필요
CUS-****431,16,2,123600,5,2,3,523,관심 필요
CUS-****523,16,1,54300,5,1,1,511,관심 필요
CUS-****489,16,1,44700,5,1,1,511,관심 필요
CUS-****564,16,1,37500,5,1,1,511,관심 필요
CUS-****508,16,1,29200,5,1,1,511,관심 필요
CUS-****308,17,2,172200,5,2,4,524,관심 필요
CUS-****211,17,2,125700,5,2,3,523,관심 필요
CUS-****514,17,1,84300,5,1,2,512,관심 필요
CUS-****555,17,1,76600,5,1,2,512,관심 필요
CUS-****618,17,1,43300,5,1,1,511,관심 필요
CUS-****649,18,1,93200,5,1,2,512,관심 필요
CUS-****645,18,1,91400,5,1,2,512,관심 필요
CUS-****503,18,1,43800,5,1,1,511,관심 필요
CUS-****537,18,1,36900,5,1,1,511,관심 필요
CUS-****613,18,1,31300,5,1,1,511,관심 필요
CUS-****336,19,2,171300,5,2,4,524,관심 필요
CUS-****254,19,2,110900,5,2,3,523,관심 필요
CUS-****490,19,1,36600,5,1,1,511,관심 필요
CUS-****372,20,2,189600,5,2,4,524,관심 필요
CUS-****442,20,2,157300,5,2,4,524,관심 필요
CUS-****437,20,2,121800,5,2,3,523,관심 필요
CUS-****647,20,1,91100,5,1,2,512,관심 필요
CUS-****562,20,1,74400,5,1,2,512,관심 필요
CUS-****488,20,1,45300,5,1,1,511,관심 필요
CUS-****480,20,1,43400,5,1,1,511,관심 필요
CUS-****590,20,1,39700,5,1,1,511,관심 필요
CUS-****621,20,1,33200,5,1,1,511,관심 필요
CUS-****560,20,1,32600,5,1,1,511,관심 필요
CUS-****263,21,2,107100,5,2,3,523,관심 필요
CUS-****483,21,1,47100,5,1,1,511,관심 필요
CUS-****654,21,1,30000,5,1,1,511,관심 필요
CUS-****269,22,2,220300,5,2,4,524,관심 필요
CUS-****447,22,2,198500,5,2,4,524,관심 필요
CUS-****557,22,1,89000,5,1,2,512,관심 필요
CUS-****579,22,1,85200,5,1,2,512,관심 필요
CUS-****512,22,1,49300,5,1,1,511,관심 필요
CUS-****527,22,1,44200,5,1,1,511,관심 필요
CUS-****569,22,1,26300,5,1,1,511,관심 필요
CUS-****471,23,1,65400,5,1,2,512,관심 필요
CUS-****558,23,1,43000,5,1,1,511,관심 필요
CUS-****535,23,1,36900,5,1,1,511,관심 필요
CUS-****580,23,1,36400,5,1,1,511,관심 필요
CUS-****554,23,1,35200,5,1,1,511,관심 필요
CUS-****487,23,1,23400,5,1,1,511,관심 필요
CUS-****262,24,2,151300,5,2,4,524,관심 필요
CUS-****628,24,1,81900,5,1,2,512,관심 필요
CUS-****466,24,1,75500,5,1,2,512,관심 필요
CUS-****548,24,1,42000,5,1,1,511,관심 필요
CUS-****528,24,1,37200,5,1,1,511,관심 필요
CUS-****529,24,1,35700,5,1,1,511,관심 필요
CUS-****616,24,1,35100,5,1,1,511,관심 필요
CUS-****476,24,1,28700,5,1,1,511,관심 필요
CUS-****566,24,1,26700,5,1,1,511,관심 필요
CUS-****436,25,2,165700,5,2,4,524,관심 필요
CUS-****292,25,2,122700,5,2,3,523,관심 필요
CUS-****367,25,2,119700,5,2,3,523,관심 필요
CUS-****639,25,1,37900,5,1,1,511,관심 필요
CUS-****652,26,1,70000,5,1,2,512,관심 필요
CUS-****475,26,1,55400,5,1,1,511,관심 필요
CUS-****493,26,1,34600,5,1,1,511,관심 필요
CUS-****461,27,1,125800,5,1,3,513,관심 필요
CUS-****441,27,2,122600,5,2,3,523,관심 필요
CUS-****539,27,1,65600,5,1,2,512,관심 필요
CUS-****600,27,1,42000,5,1,1,511,관심 필요
CUS-****602,27,1,30000,5,1,1,511,관심 필요
CUS-****227,28,2,169300,5,2,4,524,관심 필요
CUS-****458,28,1,75700,5,1,2,512,관심 필요
CUS-****494,28,1,70700,5,1,2,512,관심 필요
CUS-****491,28,1,55300,5,1,1,511,관심 필요
CUS-****642,28,1,33200,5,1,1,511,관심 필요
CUS-****583,28,1,26000,5,1,1,511,관심 필요
CUS-****425,29,2,171500,5,2,4,524,관심 필요
CUS-****237,29,2,156200,5,2,4,524,관심 필요
CUS-****381,29,2,138200,5,2,3,523,관심 필요
CUS-****516,29,1,125200,5,1,3,513,관심 필요
CUS-****357,29,2,76800,5,2,2,522,관심 필요
CUS-****545,29,1,51100,5,1,1,511,관심 필요
CUS-****620,29,1,41000,5,1,1,511,관심 필요
CUS-****646,29,1,37700,5,1,1,511,관심 필요
CUS-****507,30,1,126500,5,1,3,513,관심 필요
CUS-****619,30,1,77000,5,1,2,512,관심 필요
CUS-****505,30,1,44500,5,1,1,511,관심 필요
CUS-****577,30,1,41100,5,1,1,511,관심 필요
CUS-****501,30,1,37800,5,1,1,511,관심 필요
CUS-****530,30,1,37400,5,1,1,511,관심 필요
CUS-****492,30,1,36000,5,1,1,511,관심 필요
CUS-****430,31,2,74800,4,2,2,422,관심 필요
CUS-****552,31,1,44400,4,1,1,411,관심 필요
CUS-****422,32,2,227700,4,2,4,424,관심 필요
CUS-****220,32,2,100000,4,2,3,423,관심 필요
CUS-****256,32,2,90000,4,2,2,422,관심 필요
CUS-****622,32,1,65900,4,1,2,412,관심 필요
CUS-****605,32,1,52100,4,1,1,411,관심 필요
CUS-****567,32,1,48200,4,1,1,411,관심 필요
CUS-****519,32,1,35600,4,1,1,411,관심 필요
CUS-****588,32,1,35400,4,1,1,411,관심 필요
CUS-****386,33,2,114000,4,2,3,423,관심 필요
CUS-****581,33,1,82200,4,1,2,412,관심 필요
CUS-****572,33,1,81100,4,1,2,412,관심 필요
CUS-****573,33,1,26500,4,1,1,411,관심 필요
CUS-****383,34,2,91200,4,2,2,422,관심 필요
CUS-****633,34,1,45200,4,1,1,411,관심 필요
CUS-****459,34,1,42800,4,1,1,411,관심 필요
CUS-****627,34,1,37200,4,1,1,411,관심 필요
CUS-****522,34,1,32100,4,1,1,411,관심 필요
CUS-****594,34,1,31600,4,1,1,411,관심 필요
CUS-****445,35,2,226800,4,2,4,424,관심 필요
CUS-****258,35,2,93400,4,2,2,422,관심 필요
CUS-****563,35,1,47800,4,1,1,411,관심 필요
CUS-****578,35,1,44400,4,1,1,411,관심 필요
CUS-****526,35,1,39900,4,1,1,411,관심 필요
CUS-****477,35,1,39400,4,1,1,411,관심 필요
CUS-****521,35,1,39300,4,1,1,411,관심 필요
CUS-****518,36,1,89000,4,1,2,412,관심 필요
CUS-****510,37,1,64800,4,1,2,412,관심 필요
CUS-****653,37,1,36200,4,1,1,411,관심 필요
CUS-****251,38,2,144200,4,2,3,423,관심 필요
CUS-****366,38,2,126900,4,2,3,423,관심 필요
CUS-****634,38,1,63800,4,1,2,412,관심 필요
CUS-****626,38,1,47200,4,1,1,411,관심 필요
CUS-****515,38,1,41500,4,1,1,411,관심 필요
CUS-****520,39,1,132100,4,1,3,413,관심 필요
CUS-****485,39,1,124700,4,1,3,413,관심 필요
CUS-****547,39,1,95800,4,1,2,412,관심 필요
CUS-****502,39,1,94400,4,1,2,412,관심 필요
CUS-****419,39,2,82400,4,2,2,422,관심 필요
CUS-****632,39,1,75500,4,1,2,412,관심 필요
CUS-****486,39,1,66400,4,1,2,412,관심 필요
CUS-****513,39,1,47300,4,1,1,411,관심 필요
CUS-****511,39,1,38300,4,1,1,411,관심 필요
CUS-****288,40,2,163400,4,2,4,424,관심 필요
CUS-****225,40,2,139800,4,2,3,423,관심 필요
CUS-****240,40,2,136600,4,2,3,423,관심 필요
CUS-****496,40,1,122500,4,1,3,413,관심 필요
CUS-****462,40,1,66900,4,1,2,412,관심 필요
CUS-****478,40,1,52100,4,1,1,411,관심 필요
CUS-****467,40,1,45800,4,1,1,411,관심 필요
CUS-****585,40,1,28100,4,1,1,411,관심 필요
CUS-****277,41,2,136600,4,2,3,423,관심 필요
CUS-****601,41,1,48200,4,1,1,411,관심 필요
CUS-****533,41,1,40500,4,1,1,411,관심 필요
CUS-****638,41,1,34900,4,1,1,411,관심 필요
CUS-****597,42,1,86100,4,1,2,412,관심 필요
CUS-****582,42,1,56300,4,1,1,411,관심 필요
CUS-****472,42,1,43100,4,1,1,411,관심 필요
CUS-****470,42,1,26900,4,1,1,411,관심 필요
CUS-****283,43,2,103600,4,2,3,423,관심 필요
CUS-****593,43,1,73500,4,1,2,412,관심 필요
CUS-****592,43,1,37000,4,1,1,411,관심 필요
CUS-****481,43,1,26400,4,1,1,411,관심 필요
CUS-****247,44,2,226500,4,2,4,424,관심 필요
CUS-****617,44,1,73100,4,1,2,412,관심 필요
CUS-****559,44,1,71400,4,1,2,412,관심 필요
CUS-****394,44,2,71300,4,2,2,422,관심 필요
CUS-****623,44,1,69200,4,1,2,412,관심 필요
CUS-****644,44,1,68400,4,1,2,412,관심 필요
CUS-****651,44,1,58300,4,1,1,411,관심 필요
CUS-****465,44,1,42000,4,1,1,411,관심 필요
CUS-****497,44,1,33600,4,1,1,411,관심 필요
CUS-****650,44,1,33500,4,1,1,411,관심 필요
CUS-****536,44,1,25800,4,1,1,411,관심 필요
CUS-****377,47,2,180600,4,2,4,424,관심 필요
CUS-****391,48,2,172500,4,2,4,424,관심 필요
CUS-****285,48,2,132300,4,2,3,423,관심 필요
CUS-****315,50,2,80000,4,2,2,422,관심 필요
CUS-****259,50,2,69300,4,2,2,422,관심 필요
CUS-****428,52,2,211900,4,2,4,424,관심 필요
CUS-****342,52,2,122400,4,2,3,423,관심 필요
CUS-****374,52,2,110900,4,2,3,423,관심 필요
CUS-****396,53,2,216700,4,2,4,424,관심 필요
CUS-****302,53,2,212600,4,2,4,424,관심 필요
CUS-****266,53,2,121200,4,2,3,423,관심 필요
CUS-****392,54,2,123300,4,2,3,423,관심 필요
CUS-****297,54,2,59600,4,2,1,421,관심 필요
CUS-****429,55,2,181400,4,2,4,424,관심 필요
CUS-****264,55,2,178300,4,2,4,424,관심 필요
CUS-****319,55,2,164500,4,2,4,424,관심 필요
CUS-****222,56,2,84600,4,2,2,422,관심 필요
CUS-****362,57,2,71900,4,2,2,422,관심 필요
CUS-****245,58,2,240300,4,2,4,424,관심 필요
CUS-****221,58,2,159400,4,2,4,424,관심 필요
CUS-****243,58,2,156900,4,2,4,424,관심 필요
CUS-****335,58,2,129500,4,2,3,423,관심 필요
CUS-****344,59,2,65500,4,2,2,422,관심 필요
CUS-****395,60,2,201100,4,2,4,424,관심 필요
CUS-****444,61,3,171400,3,3,4,334,관심 필요
CUS-****346,61,3,147700,3,3,3,333,관심 필요
CUS-****330,61,2,100300,3,2,3,323,관심 필요
CUS-****312,62,3,178200,3,3,4,334,관심 필요
CUS-****323,62,3,158100,3,3,4,334,관심 필요
CUS-****328,63,3,451800,3,3,5,335,관심 필요
CUS-****371,63,3,312000,3,3,5,335,관심 필요
CUS-****281,63,3,256200,3,3,5,335,관심 필요
CUS-****298,63,2,79900,3,2,2,322,관심 필요
CUS-****416,64,3,204800,3,3,4,334,관심 필요
CUS-****359,64,2,153000,3,2,4,324,관심 필요
CUS-****239,64,2,134800,3,2,3,323,관심 필요
CUS-****261,64,3,127800,3,3,3,333,관심 필요
CUS-****339,64,3,122100,3,3,3,333,관심 필요
CUS-****404,64,2,118400,3,2,3,323,관심 필요
CUS-****299,65,3,219100,3,3,4,334,관심 필요
CUS-****280,65,2,111700,3,2,3,323,관심 필요
CUS-****272,66,3,171800,3,3,4,334,관심 필요
CUS-****387,66,2,116800,3,2,3,323,관심 필요
CUS-****241,66,2,87700,3,2,2,322,관심 필요
CUS-****379,67,3,371200,3,3,5,335,관심 필요
CUS-****356,67,2,134100,3,2,3,323,관심 필요
CUS-****337,67,2,126300,3,2,3,323,관심 필요
CUS-****417,68,2,132200,3,2,3,323,관심 필요
CUS-****250,69,2,160700,3,2,4,324,관심 필요
CUS-****358,69,2,114000,3,2,3,323,관심 필요
CUS-****278,70,2,222800,3,2,4,324,관심 필요
CUS-****284,70,2,68800,3,2,2,322,관심 필요
CUS-****439,70,2,67000,3,2,2,322,관심 필요
CUS-****296,71,3,304200,3,3,5,335,관심 필요
CUS-****252,71,3,210900,3,3,4,334,관심 필요
CUS-****433,71,3,203200,3,3,4,334,관심 필요
CUS-****270,71,3,134400,3,3,3,333,관심 필요
CUS-****233,71,3,115700,3,3,3,333,관심 필요
CUS-****373,72,3,345700,3,3,5,335,관심 필요
CUS-****316,72,2,245400,3,2,4,324,관심 필요
CUS-****418,72,3,235000,3,3,4,334,관심 필요
CUS-****427,72,2,114100,3,2,3,323,관심 필요
CUS-****311,72,2,72000,3,2,2,322,관심 필요
CUS-****307,72,2,67700,3,2,2,322,관심 필요
CUS-****421,73,2,174900,3,2,4,324,관심 필요
CUS-****414,74,2,226900,3,2,4,324,관심 필요
CUS-****260,74,3,207000,3,3,4,334,관심 필요
CUS-****452,74,3,201400,3,3,4,334,관심 필요
CUS-****449,74,3,153600,3,3,4,334,관심 필요
CUS-****453,75,3,224100,3,3,4,334,관심 필요
CUS-****413,75,2,196700,3,2,4,324,관심 필요
CUS-****271,75,2,188500,3,2,4,324,관심 필요
CUS-****456,76,3,295500,3,3,5,335,관심 필요
CUS-****215,76,3,236500,3,3,4,334,관심 필요
CUS-****318,76,2,64400,3,2,2,322,관심 필요
CUS-****345,77,3,179400,3,3,4,334,관심 필요
CUS-****424,77,3,148200,3,3,3,333,관심 필요
CUS-****384,78,3,119100,3,3,3,333,관심 필요
CUS-****226,79,3,180900,3,3,4,334,관심 필요
CUS-****407,79,3,159800,3,3,4,334,관심 필요
CUS-****443,79,3,145000,3,3,3,333,관심 필요
CUS-****406,79,2,122100,3,2,3,323,관심 필요
CUS-****347,80,3,305000,3,3,5,335,관심 필요
CUS-****265,80,2,102900,3,2,3,323,관심 필요
CUS-****305,80,2,88500,3,2,2,322,관심 필요
CUS-****350,81,3,283000,3,3,5,335,관심 필요
CUS-****361,81,2,172100,3,2,4,324,관심 필요
CUS-****286,81,2,67400,3,2,2,322,관심 필요
CUS-****228,82,3,224400,3,3,4,334,관심 필요
CUS-****224,82,2,189800,3,2,4,324,관심 필요
CUS-****423,82,2,122100,3,2,3,323,관심 필요
CUS-****353,82,2,109900,3,2,3,323,관심 필요
CUS-****409,84,3,243100,3,3,4,334,관심 필요
CUS-****242,84,2,224900,3,2,4,324,관심 필요
CUS-****405,84,2,142700,3,2,3,323,관심 필요
CUS-****411,84,2,85600,3,2,2,322,관심 필요
CUS-****317,85,3,256600,3,3,5,335,관심 필요
CUS-****333,85,3,217000,3,3,4,334,관심 필요
CUS-****380,85,2,196400,3,2,4,324,관심 필요
CUS-****310,85,2,164300,3,2,4,324,관심 필요
CUS-****426,85,2,109800,3,2,3,323,관심 필요
CUS-****253,87,3,301000,3,3,5,335,관심 필요
CUS-****231,87,2,137000,3,2,3,323,관심 필요
CUS-****321,87,2,124700,3,2,3,323,관심 필요
CUS-****213,87,2,73800,3,2,2,322,관심 필요
CUS-****402,88,2,267800,3,2,5,325,관심 필요
CUS-****212,88,3,232000,3,3,4,334,관심 필요
CUS-****440,88,3,220400,3,3,4,334,관심 필요
CUS-****388,88,3,200500,3,3,4,334,관심 필요
CUS-****300,88,2,160700,3,2,4,324,관심 필요
CUS-****432,88,2,110800,3,2,3,323,관심 필요
CUS-****324,89,2,78200,3,2,2,322,관심 필요
CUS-****276,90,3,322200,3,3,5,335,관심 필요
CUS-****403,90,3,266100,3,3,5,335,관심 필요
CUS-****290,90,2,138000,3,2,3,323,관심 필요
CUS-****236,91,3,245300,3,3,4,334,이탈 위험
CUS-****434,91,2,138600,3,2,3,323,이탈 위험
CUS-****216,91,3,130900,3,3,3,333,이탈 위험
CUS-****214,91,2,105000,3,2,3,323,이탈 위험
CUS-****255,92,3,253800,3,3,5,335,이탈 위험
CUS-****438,92,3,193900,3,3,4,334,이탈 위험
CUS-****348,92,2,80600,3,2,2,322,이탈 위험
CUS-****368,93,2,162600,3,2,4,324,이탈 위험
CUS-****275,94,3,300300,3,3,5,335,이탈 위험
CUS-****450,94,3,279700,3,3,5,335,이탈 위험
CUS-****385,94,3,167100,3,3,4,334,이탈 위험
CUS-****412,94,3,156200,3,3,4,334,이탈 위험
CUS-****376,94,2,135300,3,2,3,323,이탈 위험
CUS-****268,94,2,130100,3,2,3,323,이탈 위험
CUS-****304,94,2,121200,3,2,3,323,이탈 위험
CUS-****857,129,4,489900,2,4,5,245,이탈 위험
CUS-****741,130,3,125400,2,3,3,233,이탈 위험
CUS-****674,132,1,51100,2,1,1,211,이탈 위험
CUS-****843,133,4,277200,2,4,5,245,이탈 위험
CUS-****763,133,3,91700,2,3,2,232,이탈 위험
CUS-****779,135,4,235800,2,4,4,244,이탈 위험
CUS-****844,135,3,161800,2,3,4,234,이탈 위험
CUS-****724,139,3,169200,2,3,4,234,이탈 위험
CUS-****655,139,4,144400,2,4,3,243,이탈 위험
CUS-****836,140,2,120100,2,2,3,223,이탈 위험
CUS-****685,141,2,81600,2,2,2,222,이탈 위험
CUS-****729,141,1,51700,2,1,1,211,이탈 위험
CUS-****826,142,3,132000,2,3,3,233,이탈 위험
CUS-****753,145,4,300100,2,4,5,245,이탈 위험
CUS-****700,145,1,85600,2,1,2,212,이탈 위험
CUS-****688,146,4,276200,2,4,5,245,이탈 위험
CUS-****771,146,2,172900,2,2,4,224,이탈 위험
CUS-****823,149,1,84400,2,1,2,212,이탈 위험
CUS-****827,150,2,120000,2,2,3,223,이탈 위험
CUS-****696,152,3,146500,2,3,3,233,이탈 위험
CUS-****706,152,1,88400,2,1,2,212,이탈 위험
CUS-****860,153,2,98400,2,2,2,222,이탈 위험
CUS-****781,154,3,177000,2,3,4,234,이탈 위험
CUS-****772,156,4,413800,2,4,5,245,이탈 위험
CUS-****833,156,3,227700,2,3,4,234,이탈 위험
CUS-****702,157,2,196000,2,2,4,224,이탈 위험
CUS-****869,157,2,186400,2,2,4,224,이탈 위험
CUS-****737,158,3,199700,2,3,4,234,이탈 위험
CUS-****692,158,2,154200,2,2,4,224,이탈 위험
CUS-****728,158,1,87800,2,1,2,212,이탈 위험
CUS-****661,160,4,383400,2,4,5,245,이탈 위험
CUS-****815,162,1,65100,2,1,2,212,이탈 위험
CUS-****751,163,4,409800,2,4,5,245,이탈 위험
CUS-****817,165,1,38500,2,1,1,211,이탈 위험
CUS-****695,167,4,409600,2,4,5,245,이탈 위험
CUS-****791,167,1,24500,2,1,1,211,이탈 위험
CUS-****810,169,3,253300,2,3,5,235,이탈 위험
CUS-****740,170,4,301500,2,4,5,245,이탈 위험
CUS-****701,172,2,136300,2,2,3,223,이탈 위험
CUS-****866,174,2,112800,2,2,3,223,이탈 위험
CUS-****658,175,3,205200,2,3,4,234,이탈 위험
CUS-****754,175,3,190200,2,3,4,234,이탈 위험
CUS-****830,176,3,124200,2,3,3,233,이탈 위험
CUS-****691,176,1,78400,2,1,2,212,이탈 위험
CUS-****742,177,2,68200,2,2,2,222,이탈 위험
CUS-****708,178,4,241200,2,4,4,244,이탈 위험
CUS-****703,178,1,42000,2,1,1,211,이탈 위험
CUS-****853,179,4,334800,2,4,5,245,이탈 위험
CUS-****783,179,4,252000,2,4,5,245,이탈 위험
CUS-****716,180,2,194400,2,2,4,224,이탈 위험
CUS-****871,180,1,32400,2,1,1,211,이탈 위험
CUS-****707,181,1,70100,2,1,2,212,휴면
CUS-****872,181,1,42200,2,1,1,211,휴면
CUS-****811,182,3,143100,2,3,3,233,휴면
CUS-****723,182,1,42600,2,1,1,211,휴면
CUS-****774,185,2,150600,2,2,4,224,휴면
CUS-****858,185,2,107200,2,2,3,223,휴면
CUS-****673,185,1,34900,2,1,1,211,휴면
CUS-****835,188,3,306100,2,3,5,235,휴면
CUS-****760,188,3,235000,2,3,4,234,휴면
CUS-****694,189,3,143900,2,3,3,233,휴면
CUS-****805,189,3,137200,2,3,3,233,휴면
CUS-****852,189,2,66000,2,2,2,222,휴면
CUS-****766,191,2,71800,2,2,2,222,휴면
CUS-****775,192,2,204800,2,2,4,224,휴면
CUS-****798,192,2,133100,2,2,3,223,휴면
CUS-****856,193,3,350900,2,3,5,235,휴면
CUS-****796,193,3,180200,2,3,4,234,휴면
CUS-****669,196,2,258400,2,2,5,225,휴면
CUS-****794,198,3,280400,2,3,5,235,휴면
CUS-****698,198,3,204300,2,3,4,234,휴면
CUS-****726,198,3,152200,2,3,4,234,휴면
CUS-****818,200,4,286000,2,4,5,245,휴면
CUS-****704,200,1,32200,2,1,1,211,휴면
CUS-****864,202,3,248100,1,3,4,134,휴면
CUS-****727,202,3,157100,1,3,4,134,휴면
CUS-****820,204,2,78100,1,2,2,122,휴면
CUS-****717,205,4,341500,1,4,5,145,휴면
CUS-****822,206,3,140000,1,3,3,133,휴면
CUS-****829,206,1,80300,1,1,2,112,휴면
CUS-****828,208,3,235200,1,3,4,134,휴면
CUS-****837,210,3,251900,1,3,5,135,휴면
CUS-****773,210,2,98200,1,2,2,122,휴면
CUS-****709,212,2,62900,1,2,2,122,휴면
CUS-****734,215,3,152500,1,3,4,134,휴면
CUS-****809,217,2,113600,1,2,3,123,휴면
CUS-****747,219,3,240500,1,3,4,134,휴면
CUS-****850,219,3,208200,1,3,4,134,휴면
CUS-****789,219,3,115100,1,3,3,133,휴면
CUS-****725,220,4,143400,1,4,3,143,휴면
CUS-****849,221,3,366000,1,3,5,135,휴면
CUS-****786,221,2,167300,1,2,4,124,휴면
CUS-****788,221,2,113600,1,2,3,123,휴면
CUS-****757,221,1,39200,1,1,1,111,휴면
CUS-****667,222,1,36600,1,1,1,111,휴면
CUS-****813,225,2,224700,1,2,4,124,휴면
CUS-****714,225,1,36600,1,1,1,111,휴면
CUS-****804,227,3,206000,1,3,4,134,휴면
CUS-****832,228,1,37200,1,1,1,111,휴면
CUS-****770,229,2,197800,1,2,4,124,휴면
CUS-****660,229,2,137800,1,2,3,123,휴면
CUS-****687,230,2,78300,1,2,2,122,휴면
CUS-****863,230,1,37100,1,1,1,111,휴면
CUS-****758,231,2,101300,1,2,3,123,휴면
CUS-****664,231,2,67500,1,2,2,122,휴면
CUS-****746,232,1,66100,1,1,2,112,휴면
CUS-****859,233,1,22000,1,1,1,111,휴면
CUS-****690,234,2,215000,1,2,4,124,휴면
CUS-****824,235,3,243000,1,3,4,134,휴면
CUS-****693,235,2,184600,1,2,4,124,휴면
CUS-****748,235,1,46900,1,1,1,111,휴면
CUS-****713,235,1,28600,1,1,1,111,휴면
CUS-****744,236,3,178600,1,3,4,134,휴면
CUS-****761,236,2,63500,1,2,2,122,휴면
CUS-****720,236,1,23800,1,1,1,111,휴면
CUS-****793,238,2,82000,1,2,2,122,휴면
CUS-****670,239,3,283400,1,3,5,135,휴면
CUS-****662,240,1,31900,1,1,1,111,휴면
CUS-****682,242,1,29700,1,1,1,111,휴면
CUS-****808,242,1,28000,1,1,1,111,휴면
CUS-****733,243,4,251600,1,4,5,145,휴면
CUS-****867,245,2,125700,1,2,3,123,휴면
CUS-****765,245,1,60000,1,1,2,112,휴면
CUS-****736,245,1,35400,1,1,1,111,휴면
CUS-****877,245,1,29500,1,1,1,111,휴면
CUS-****768,246,1,20700,1,1,1,111,휴면
CUS-****785,247,1,37700,1,1,1,111,휴면
CUS-****782,248,2,55800,1,2,1,121,휴면
CUS-****878,249,2,103000,1,2,3,123,휴면
CUS-****671,252,3,212300,1,3,4,134,휴면
CUS-****731,254,1,35600,1,1,1,111,휴면
CUS-****711,255,2,130400,1,2,3,123,휴면
CUS-****803,255,3,130100,1,3,3,133,휴면
CUS-****821,255,1,63600,1,1,2,112,휴면
CUS-****718,256,1,34800,1,1,1,111,휴면
CUS-****861,257,3,211700,1,3,4,134,휴면
CUS-****750,257,2,173300,1,2,4,124,휴면
CUS-****790,257,3,107400,1,3,3,133,휴면
CUS-****705,261,2,158800,1,2,4,124,휴면
CUS-****730,261,1,30400,1,1,1,111,휴면
CUS-****802,262,2,194600,1,2,4,124,휴면
CUS-****801,263,2,199000,1,2,4,124,휴면
CUS-****657,263,1,35600,1,1,1,111,휴면
CUS-****679,264,3,189700,1,3,4,134,휴면
CUS-****778,264,3,85300,1,3,2,132,휴면
CUS-****722,264,1,72400,1,1,2,112,휴면
CUS-****683,265,1,40300,1,1,1,111,휴면
CUS-****715,266,3,222600,1,3,4,134,휴면
CUS-****792,266,3,203200,1,3,4,134,휴면
CUS-****764,266,2,201000,1,2,4,124,휴면
CUS-****868,266,2,95100,1,2,2,122,휴면
CUS-****699,267,2,97300,1,2,2,122,휴면
CUS-****780,269,3,127200,1,3,3,133,휴면
CUS-****777,269,1,62600,1,1,2,112,휴면
CUS-****846,269,1,40800,1,1,1,111,휴면
CUS-****842,270,2,125300,1,2,3,123,휴면
CUS-****845,272,2,86200,1,2,2,122,휴면
CUS-****739,273,2,148600,1,2,3,123,휴면
CUS-****807,275,2,87400,1,2,2,122,휴면
CUS-****710,275,2,67000,1,2,2,122,휴면
CUS-****876,278,3,114900,1,3,3,133,휴면
CUS-****873,280,2,112600,1,2,3,123,휴면
CUS-****755,280,1,26700,1,1,1,111,휴면
CUS-****816,281,2,117700,1,2,3,123,휴면
CUS-****839,282,1,110500,1,1,3,113,휴면
CUS-****668,283,2,159500,1,2,4,124,휴면
CUS-****686,283,1,62500,1,1,2,112,휴면
CUS-****663,284,3,172700,1,3,4,134,휴면
CUS-****847,284,1,37300,1,1,1,111,휴면
CUS-****759,285,2,76500,1,2,2,122,휴면
CUS-****675,286,2,132200,1,2,3,123,휴면
CUS-****697,286,2,57900,1,2,1,121,휴면
CUS-****681,286,1,37800,1,1,1,111,휴면
CUS-****712,287,2,187000,1,2,4,124,휴면
CUS-****656,288,3,100600,1,3,3,133,휴면
CUS-****854,288,2,81600,1,2,2,122,휴면
CUS-****841,288,2,59500,1,2,1,121,휴면
CUS-****769,290,1,90800,1,1,2,112,휴면
CUS-****840,290,1,68000,1,1,2,112,휴면
CUS-****879,292,2,150200,1,2,4,124,휴면
CUS-****735,292,2,119800,1,2,3,123,휴면
CUS-****678,292,2,67200,1,2,2,122,휴면
CUS-****806,292,1,37300,1,1,1,111,휴면
CUS-****848,293,1,30200,1,1,1,111,휴면
CUS-****874,294,2,124800,1,2,3,123,휴면
CUS-****855,294,2,113100,1,2,3,123,휴면
CUS-****666,295,2,203800,1,2,4,124,휴면
CUS-****677,295,3,185600,1,3,4,134,휴면
CUS-****875,295,1,41900,1,1,1,111,휴면
CUS-****689,296,1,35700,1,1,1,111,휴면
CUS-****743,297,1,82200,1,1,2,112,휴면
CUS-****870,298,1,22800,1,1,1,111,휴면
CUS-****749,302,1,40200,1,1,1,111,휴면
CUS-****665,302,1,28400,1,1,1,111,휴면
CUS-****756,303,2,135400,1,2,3,123,휴면
CUS-****831,305,1,42300,1,1,1,111,휴면
CUS-****721,306,2,60000,1,2,2,122,휴면
CUS-****880,306,1,42900,1,1,1,111,휴면
CUS-****776,308,1,65900,1,1,2,112,휴면
CUS-****834,308,1,41600,1,1,1,111,휴면
CUS-****762,309,1,39600,1,1,1,111,휴면
CUS-****800,310,2,77100,1,2,2,122,휴면
CUS-****738,310,2,59900,1,2,1,121,휴면
CUS-****799,311,1,38900,1,1,1,111,휴면
CUS-****676,313,1,29800,1,1,1,111,휴면
CUS-****797,313,1,28500,1,1,1,111,휴면
CUS-****814,314,1,38300,1,1,1,111,휴면
CUS-****838,314,1,31500,1,1,1,111,휴면
CUS-****812,315,2,188500,1,2,4,124,휴면
CUS-****825,315,1,84600,1,1,2,112,휴면
CUS-****745,315,1,23300,1,1,1,111,휴면
CUS-****672,317,1,32200,1,1,1,111,휴면
CUS-****865,318,2,81600,1,2,2,122,휴면
CUS-****862,318,1,46700,1,1,1,111,휴면
CUS-****767,319,2,127900,1,2,3,123,휴면
CUS-****752,319,1,76800,1,1,2,112,휴면
CUS-****787,319,1,37700,1,1,1,111,휴면
CUS-****784,322,2,239100,1,2,4,124,휴면
CUS-****795,322,1,79000,1,1,2,112,휴면
CUS-****819,324,2,191200,1,2,4,124,휴면
CUS-****732,325,2,103000,1,2,3,123,휴면
CUS-****684,325,2,95400,1,2,2,122,휴면
CUS-****719,327,1,45200,1,1,1,111,휴면
CUS-****851,327,1,35100,1,1,1,111,휴면
CUS-****680,329,1,68400,1,1,2,112,휴면
CUS-****659,329,1,31800,1,1,1,111,휴면
