날짜,유입채널,디바이스,유입,가입,장바구니,결제시작,결제완료
2026-05-01,자연검색,모바일,332,49,14,7,3
2026-05-01,자연검색,PC,93,14,5,3,1
2026-05-01,유료검색,모바일,473,59,15,8,4
2026-05-01,유료검색,PC,117,16,6,3,2
2026-05-01,메타광고,모바일,436,47,13,8,4
2026-05-01,메타광고,PC,113,13,4,2,1
2026-05-01,인스타,모바일,215,18,5,3,1
2026-05-01,인스타,PC,66,6,2,1,1
2026-05-01,뉴스레터,모바일,147,26,7,4,2
2026-05-01,뉴스레터,PC,49,9,3,2,1
2026-05-02,자연검색,모바일,447,60,15,9,5
2026-05-02,자연검색,PC,125,19,7,4,2
2026-05-02,유료검색,모바일,477,59,17,9,5
2026-05-02,유료검색,PC,142,18,6,3,1
2026-05-02,메타광고,모바일,451,49,14,7,3
2026-05-02,메타광고,PC,133,15,5,3,1
2026-05-02,인스타,모바일,278,26,7,4,2
2026-05-02,인스타,PC,74,7,3,2,1
2026-05-02,뉴스레터,모바일,160,28,7,4,2
2026-05-02,뉴스레터,PC,56,9,3,2,1
2026-05-03,자연검색,모바일,396,55,16,9,4
2026-05-03,자연검색,PC,118,18,6,3,2
2026-05-03,유료검색,모바일,555,65,16,9,5
2026-05-03,유료검색,PC,154,18,6,3,2
2026-05-03,메타광고,모바일,417,47,13,7,3
2026-05-03,메타광고,PC,128,14,5,3,2
2026-05-03,인스타,모바일,228,21,6,4,2
2026-05-03,인스타,PC,81,7,2,1,0
2026-05-03,뉴스레터,모바일,197,36,9,5,3
2026-05-03,뉴스레터,PC,55,10,4,2,1
2026-05-04,자연검색,모바일,311,46,11,6,3
2026-05-04,자연검색,PC,86,11,4,2,1
2026-05-04,유료검색,모바일,385,46,11,6,3
2026-05-04,유료검색,PC,128,15,5,3,1
2026-05-04,메타광고,모바일,370,40,11,6,3
2026-05-04,메타광고,PC,127,13,5,3,2
2026-05-04,인스타,모바일,214,18,5,3,1
2026-05-04,인스타,PC,58,5,2,1,0
2026-05-04,뉴스레터,모바일,163,29,7,4,2
2026-05-04,뉴스레터,PC,47,8,3,2,1
2026-05-05,자연검색,모바일,338,50,12,7,3
2026-05-05,자연검색,PC,101,16,6,3,1
2026-05-05,유료검색,모바일,463,59,14,8,4
2026-05-05,유료검색,PC,119,14,5,3,1
2026-05-05,메타광고,모바일,374,45,13,7,3
2026-05-05,메타광고,PC,111,12,5,3,1
2026-05-05,인스타,모바일,194,19,5,3,2
2026-05-05,인스타,PC,67,6,2,1,0
2026-05-05,뉴스레터,모바일,154,28,8,4,2
2026-05-05,뉴스레터,PC,43,8,3,2,1
2026-05-06,자연검색,모바일,326,50,13,7,4
2026-05-06,자연검색,PC,107,16,6,3,1
2026-05-06,유료검색,모바일,491,57,15,8,4
2026-05-06,유료검색,PC,117,15,6,3,1
2026-05-06,메타광고,모바일,376,45,13,7,3
2026-05-06,메타광고,PC,119,12,4,2,1
2026-05-06,인스타,모바일,196,16,4,2,1
2026-05-06,인스타,PC,68,7,3,2,1
2026-05-06,뉴스레터,모바일,170,30,7,4,2
2026-05-06,뉴스레터,PC,47,8,3,2,1
2026-05-07,자연검색,모바일,321,46,12,7,3
2026-05-07,자연검색,PC,85,13,5,3,2
2026-05-07,유료검색,모바일,397,46,13,7,3
2026-05-07,유료검색,PC,133,17,6,3,2
2026-05-07,메타광고,모바일,365,38,10,5,3
2026-05-07,메타광고,PC,126,14,5,3,1
2026-05-07,인스타,모바일,228,20,5,3,2
2026-05-07,인스타,PC,65,6,2,1,0
2026-05-07,뉴스레터,모바일,144,25,7,4,2
2026-05-07,뉴스레터,PC,45,8,3,2,1
2026-05-08,자연검색,모바일,369,52,13,7,3
2026-05-08,자연검색,PC,110,15,5,3,1
2026-05-08,유료검색,모바일,432,51,13,7,3
2026-05-08,유료검색,PC,115,15,5,3,2
2026-05-08,메타광고,모바일,437,50,14,8,4
2026-05-08,메타광고,PC,117,13,5,3,2
2026-05-08,인스타,모바일,244,21,5,3,2
2026-05-08,인스타,PC,57,6,2,1,0
2026-05-08,뉴스레터,모바일,176,32,8,5,3
2026-05-08,뉴스레터,PC,48,9,3,2,1
2026-05-09,자연검색,모바일,428,66,19,11,6
2026-05-09,자연검색,PC,104,16,5,3,1
2026-05-09,유료검색,모바일,537,70,17,10,4
2026-05-09,유료검색,PC,158,20,7,4,2
2026-05-09,메타광고,모바일,457,47,14,8,4
2026-05-09,메타광고,PC,143,16,6,4,2
2026-05-09,인스타,모바일,239,20,5,3,2
2026-05-09,인스타,PC,76,7,2,1,0
2026-05-09,뉴스레터,모바일,173,33,8,4,2
2026-05-09,뉴스레터,PC,53,10,4,2,1
2026-05-10,자연검색,모바일,382,59,15,8,4
2026-05-10,자연검색,PC,118,16,5,3,1
2026-05-10,유료검색,모바일,493,62,16,9,4
2026-05-10,유료검색,PC,143,17,6,4,2
2026-05-10,메타광고,모바일,503,53,14,7,3
2026-05-10,메타광고,PC,126,13,4,2,1
2026-05-10,인스타,모바일,260,22,5,3,1
2026-05-10,인스타,PC,73,7,3,2,1
2026-05-10,뉴스레터,모바일,181,33,9,5,2
2026-05-10,뉴스레터,PC,50,9,3,2,1
2026-05-11,자연검색,모바일,332,45,12,7,3
2026-05-11,자연검색,PC,101,14,5,3,1
2026-05-11,유료검색,모바일,456,56,14,7,3
2026-05-11,유료검색,PC,138,18,6,3,2
2026-05-11,메타광고,모바일,384,40,11,6,3
2026-05-11,메타광고,PC,129,14,5,3,1
2026-05-11,인스타,모바일,214,18,5,3,1
2026-05-11,인스타,PC,55,5,2,1,0
2026-05-11,뉴스레터,모바일,144,25,7,4,2
2026-05-11,뉴스레터,PC,42,8,3,2,1
2026-05-12,자연검색,모바일,326,46,11,6,3
2026-05-12,자연검색,PC,108,14,5,3,1
2026-05-12,유료검색,모바일,462,53,14,8,4
2026-05-12,유료검색,PC,113,14,5,3,1
2026-05-12,메타광고,모바일,362,39,10,6,3
2026-05-12,메타광고,PC,108,13,5,3,1
2026-05-12,인스타,모바일,233,22,6,3,2
2026-05-12,인스타,PC,62,5,2,1,1
2026-05-12,뉴스레터,모바일,157,28,7,4,2
2026-05-12,뉴스레터,PC,47,8,3,2,1
2026-05-13,자연검색,모바일,321,46,11,6,3
2026-05-13,자연검색,PC,102,15,5,3,2
2026-05-13,유료검색,모바일,396,46,12,6,3
2026-05-13,유료검색,PC,111,15,6,3,1
2026-05-13,메타광고,모바일,443,50,14,7,3
2026-05-13,메타광고,PC,122,13,5,3,1
2026-05-13,인스타,모바일,199,19,5,3,2
2026-05-13,인스타,PC,62,6,2,1,0
2026-05-13,뉴스레터,모바일,175,32,9,5,3
2026-05-13,뉴스레터,PC,40,7,2,1,0
2026-05-14,자연검색,모바일,378,55,15,8,4
2026-05-14,자연검색,PC,95,13,4,2,1
2026-05-14,유료검색,모바일,449,53,13,7,3
2026-05-14,유료검색,PC,119,15,6,4,2
2026-05-14,메타광고,모바일,380,44,12,7,4
2026-05-14,메타광고,PC,129,13,5,3,1
2026-05-14,인스타,모바일,225,20,5,3,1
2026-05-14,인스타,PC,60,5,2,1,0
2026-05-14,뉴스레터,모바일,141,26,7,4,2
2026-05-14,뉴스레터,PC,46,8,3,2,1
2026-05-15,자연검색,모바일,325,50,14,8,4
2026-05-15,자연검색,PC,96,13,5,3,2
2026-05-15,유료검색,모바일,448,55,13,7,3
2026-05-15,유료검색,PC,132,17,6,3,1
2026-05-15,메타광고,모바일,382,40,12,6,3
2026-05-15,메타광고,PC,120,13,5,3,2
2026-05-15,인스타,모바일,195,17,4,2,1
2026-05-15,인스타,PC,64,5,2,1,1
2026-05-15,뉴스레터,모바일,148,25,7,4,2
2026-05-15,뉴스레터,PC,48,8,3,2,1
2026-05-16,자연검색,모바일,416,59,14,7,4
2026-05-16,자연검색,PC,101,15,5,3,2
2026-05-16,유료검색,모바일,470,55,15,8,4
2026-05-16,유료검색,PC,158,21,8,5,2
2026-05-16,메타광고,모바일,525,56,14,8,4
2026-05-16,메타광고,PC,149,16,5,3,2
2026-05-16,인스타,모바일,223,21,6,3,1
2026-05-16,인스타,PC,80,7,2,1,0
2026-05-16,뉴스레터,모바일,193,33,9,5,2
2026-05-16,뉴스레터,PC,49,9,4,2,1
2026-05-17,자연검색,모바일,432,58,14,8,4
2026-05-17,자연검색,PC,122,17,7,4,2
2026-05-17,유료검색,모바일,479,61,16,8,4
2026-05-17,유료검색,PC,132,17,6,3,2
2026-05-17,메타광고,모바일,426,51,14,8,4
2026-05-17,메타광고,PC,145,17,6,3,2
2026-05-17,인스타,모바일,274,23,6,3,1
2026-05-17,인스타,PC,79,7,2,1,1
2026-05-17,뉴스레터,모바일,199,38,10,6,3
2026-05-17,뉴스레터,PC,54,9,3,2,1
2026-05-18,자연검색,모바일,342,46,13,7,3
2026-05-18,자연검색,PC,94,12,4,2,1
2026-05-18,유료검색,모바일,488,63,17,9,4
2026-05-18,유료검색,PC,127,15,5,3,2
2026-05-18,메타광고,모바일,359,38,11,6,3
2026-05-18,메타광고,PC,103,11,4,2,1
2026-05-18,인스타,모바일,234,21,6,3,1
2026-05-18,인스타,PC,58,5,2,1,1
2026-05-18,뉴스레터,모바일,150,27,7,4,2
2026-05-18,뉴스레터,PC,44,8,3,2,1
2026-05-19,자연검색,모바일,357,55,13,7,3
2026-05-19,자연검색,PC,108,15,6,3,1
2026-05-19,유료검색,모바일,438,50,15,8,4
2026-05-19,유료검색,PC,129,17,6,3,2
2026-05-19,메타광고,모바일,395,45,12,6,3
2026-05-19,메타광고,PC,110,12,4,2,1
2026-05-19,인스타,모바일,212,20,6,3,2
2026-05-19,인스타,PC,68,6,2,1,0
2026-05-19,뉴스레터,모바일,172,30,7,4,2
2026-05-19,뉴스레터,PC,49,8,3,2,1
2026-05-20,자연검색,모바일,344,50,14,8,4
2026-05-20,자연검색,PC,86,12,4,2,1
2026-05-20,유료검색,모바일,479,56,16,8,4
2026-05-20,유료검색,PC,128,15,6,3,2
2026-05-20,메타광고,모바일,461,51,14,8,4
2026-05-20,메타광고,PC,128,15,5,3,1
2026-05-20,인스타,모바일,212,18,4,2,1
2026-05-20,인스타,PC,63,6,2,1,1
2026-05-20,뉴스레터,모바일,160,26,7,4,2
2026-05-20,뉴스레터,PC,47,8,3,2,1
2026-05-21,자연검색,모바일,326,45,11,6,3
2026-05-21,자연검색,PC,101,15,6,3,2
2026-05-21,유료검색,모바일,480,64,17,9,4
2026-05-21,유료검색,PC,128,16,6,3,1
2026-05-21,메타광고,모바일,447,50,14,7,4
2026-05-21,메타광고,PC,118,14,5,3,1
2026-05-21,인스타,모바일,248,24,6,3,2
2026-05-21,인스타,PC,68,6,2,1,0
2026-05-21,뉴스레터,모바일,152,26,6,3,2
2026-05-21,뉴스레터,PC,40,7,3,2,1
2026-05-22,자연검색,모바일,314,47,12,7,4
2026-05-22,자연검색,PC,88,14,5,3,2
2026-05-22,유료검색,모바일,425,52,14,8,4
2026-05-22,유료검색,PC,119,15,6,3,1
2026-05-22,메타광고,모바일,439,51,12,6,3
2026-05-22,메타광고,PC,118,14,5,3,1
2026-05-22,인스타,모바일,242,23,6,3,1
2026-05-22,인스타,PC,65,6,2,1,0
2026-05-22,뉴스레터,모바일,172,31,8,5,3
2026-05-22,뉴스레터,PC,42,7,2,1,1
2026-05-23,자연검색,모바일,417,57,14,7,3
2026-05-23,자연검색,PC,114,16,6,3,1
2026-05-23,유료검색,모바일,572,76,19,10,5
2026-05-23,유료검색,PC,156,19,6,3,1
2026-05-23,메타광고,모바일,478,51,12,7,4
2026-05-23,메타광고,PC,131,14,5,3,1
2026-05-23,인스타,모바일,253,21,5,3,1
2026-05-23,인스타,PC,76,7,2,1,0
2026-05-23,뉴스레터,모바일,181,30,7,4,2
2026-05-23,뉴스레터,PC,47,9,3,2,1
2026-05-24,자연검색,모바일,422,63,16,9,4
2026-05-24,자연검색,PC,102,14,5,3,1
2026-05-24,유료검색,모바일,513,62,16,9,5
2026-05-24,유료검색,PC,130,15,5,3,2
2026-05-24,메타광고,모바일,431,50,13,7,3
2026-05-24,메타광고,PC,135,14,5,3,1
2026-05-24,인스타,모바일,231,19,5,3,1
2026-05-24,인스타,PC,75,7,3,2,1
2026-05-24,뉴스레터,모바일,202,38,10,6,3
2026-05-24,뉴스레터,PC,52,10,4,2,1
2026-05-25,자연검색,모바일,372,55,14,8,4
2026-05-25,자연검색,PC,90,14,5,3,2
2026-05-25,유료검색,모바일,496,60,16,9,4
2026-05-25,유료검색,PC,110,13,5,3,1
2026-05-25,메타광고,모바일,439,52,14,8,4
2026-05-25,메타광고,PC,113,12,5,3,1
2026-05-25,인스타,모바일,208,18,5,3,2
2026-05-25,인스타,PC,58,5,2,1,1
2026-05-25,뉴스레터,모바일,154,26,6,3,1
2026-05-25,뉴스레터,PC,49,9,3,2,1
2026-05-26,자연검색,모바일,306,43,12,6,3
2026-05-26,자연검색,PC,91,14,5,3,1
2026-05-26,유료검색,모바일,429,57,14,8,4
2026-05-26,유료검색,PC,140,18,7,4,2
2026-05-26,메타광고,모바일,405,46,13,7,3
2026-05-26,메타광고,PC,111,13,5,3,1
2026-05-26,인스타,모바일,208,18,5,3,2
2026-05-26,인스타,PC,68,7,2,1,0
2026-05-26,뉴스레터,모바일,165,31,8,4,2
2026-05-26,뉴스레터,PC,44,8,3,2,1
2026-05-27,자연검색,모바일,377,52,15,8,4
2026-05-27,자연검색,PC,101,14,5,3,2
2026-05-27,유료검색,모바일,401,48,13,8,4
2026-05-27,유료검색,PC,120,16,5,3,1
2026-05-27,메타광고,모바일,452,54,14,8,4
2026-05-27,메타광고,PC,120,13,5,3,1
2026-05-27,인스타,모바일,200,19,5,3,1
2026-05-27,인스타,PC,55,5,2,1,1
2026-05-27,뉴스레터,모바일,147,25,6,3,1
2026-05-27,뉴스레터,PC,48,9,3,2,1
2026-05-28,자연검색,모바일,303,46,11,6,3
2026-05-28,자연검색,PC,108,16,6,4,2
2026-05-28,유료검색,모바일,418,56,14,8,4
2026-05-28,유료검색,PC,131,16,6,3,1
2026-05-28,메타광고,모바일,386,46,13,7,4
2026-05-28,메타광고,PC,118,12,4,2,1
2026-05-28,인스타,모바일,223,20,5,3,2
2026-05-28,인스타,PC,60,6,2,1,0
2026-05-28,뉴스레터,모바일,141,26,7,4,2
2026-05-28,뉴스레터,PC,45,9,3,2,1
2026-05-29,자연검색,모바일,371,51,12,6,3
2026-05-29,자연검색,PC,103,14,5,3,2
2026-05-29,유료검색,모바일,418,55,15,8,4
2026-05-29,유료검색,PC,127,16,5,3,1
2026-05-29,메타광고,모바일,455,54,14,8,4
2026-05-29,메타광고,PC,107,13,5,3,1
2026-05-29,인스타,모바일,207,17,4,2,1
2026-05-29,인스타,PC,58,6,2,1,1
2026-05-29,뉴스레터,모바일,151,25,7,4,2
2026-05-29,뉴스레터,PC,43,8,3,2,1
2026-05-30,자연검색,모바일,403,60,17,10,5
2026-05-30,자연검색,PC,100,13,5,3,1
2026-05-30,유료검색,모바일,544,66,19,10,5
2026-05-30,유료검색,PC,132,18,6,3,1
2026-05-30,메타광고,모바일,431,49,12,7,3
2026-05-30,메타광고,PC,124,14,5,3,2
2026-05-30,인스타,모바일,281,24,7,4,2
2026-05-30,인스타,PC,74,6,2,1,0
2026-05-30,뉴스레터,모바일,169,28,8,4,2
2026-05-30,뉴스레터,PC,49,9,3,2,1
2026-05-31,자연검색,모바일,446,69,19,10,5
2026-05-31,자연검색,PC,102,15,5,3,1
2026-05-31,유료검색,모바일,533,69,19,10,5
2026-05-31,유료검색,PC,135,17,6,3,1
2026-05-31,메타광고,모바일,500,55,15,9,4
2026-05-31,메타광고,PC,150,18,7,4,2
2026-05-31,인스타,모바일,263,24,6,3,1
2026-05-31,인스타,PC,69,6,2,1,0
2026-05-31,뉴스레터,모바일,161,30,8,4,2
2026-05-31,뉴스레터,PC,53,10,3,2,1
2026-06-01,자연검색,모바일,360,50,14,7,3
2026-06-01,자연검색,PC,92,14,5,3,1
2026-06-01,유료검색,모바일,487,60,14,8,4
2026-06-01,유료검색,PC,122,15,6,3,1
2026-06-01,메타광고,모바일,359,43,11,6,3
2026-06-01,메타광고,PC,130,14,5,3,2
2026-06-01,인스타,모바일,198,17,5,3,2
2026-06-01,인스타,PC,60,5,2,1,0
2026-06-01,뉴스레터,모바일,146,27,7,4,2
2026-06-01,뉴스레터,PC,42,8,3,2,1
2026-06-02,자연검색,모바일,324,44,13,8,4
2026-06-02,자연검색,PC,106,16,6,3,1
2026-06-02,유료검색,모바일,413,52,13,7,3
2026-06-02,유료검색,PC,134,18,7,4,2
2026-06-02,메타광고,모바일,456,52,13,8,4
2026-06-02,메타광고,PC,111,13,5,3,2
2026-06-02,인스타,모바일,214,19,5,3,2
2026-06-02,인스타,PC,56,5,2,1,0
2026-06-02,뉴스레터,모바일,175,30,8,4,2
2026-06-02,뉴스레터,PC,40,8,3,2,1
2026-06-03,자연검색,모바일,339,51,14,7,3
2026-06-03,자연검색,PC,107,14,5,3,1
2026-06-03,유료검색,모바일,417,48,11,6,3
2026-06-03,유료검색,PC,121,16,6,3,1
2026-06-03,메타광고,모바일,397,42,11,6,3
2026-06-03,메타광고,PC,121,13,5,3,2
2026-06-03,인스타,모바일,216,21,5,3,1
2026-06-03,인스타,PC,62,6,2,1,0
2026-06-03,뉴스레터,모바일,159,29,7,4,2
2026-06-03,뉴스레터,PC,46,9,3,2,1
2026-06-04,자연검색,모바일,381,52,13,7,3
2026-06-04,자연검색,PC,90,13,5,3,2
2026-06-04,유료검색,모바일,401,52,15,8,4
2026-06-04,유료검색,PC,129,16,5,3,2
2026-06-04,메타광고,모바일,424,44,12,6,3
2026-06-04,메타광고,PC,106,12,5,3,1
2026-06-04,인스타,모바일,238,21,5,3,2
2026-06-04,인스타,PC,65,5,2,1,0
2026-06-04,뉴스레터,모바일,173,31,9,5,2
2026-06-04,뉴스레터,PC,49,8,3,2,1
2026-06-05,자연검색,모바일,368,54,15,9,5
2026-06-05,자연검색,PC,97,13,5,3,1
2026-06-05,유료검색,모바일,486,57,15,8,4
2026-06-05,유료검색,PC,125,15,6,3,2
2026-06-05,메타광고,모바일,448,54,15,8,4
2026-06-05,메타광고,PC,117,14,5,3,2
2026-06-05,인스타,모바일,203,17,5,3,2
2026-06-05,인스타,PC,56,5,2,1,1
2026-06-05,뉴스레터,모바일,156,26,7,4,2
2026-06-05,뉴스레터,PC,50,10,4,2,1
2026-06-06,자연검색,모바일,368,54,15,9,5
2026-06-06,자연검색,PC,126,18,6,3,2
2026-06-06,유료검색,모바일,505,63,16,9,4
2026-06-06,유료검색,PC,160,20,7,4,2
2026-06-06,메타광고,모바일,472,53,13,7,3
2026-06-06,메타광고,PC,130,14,5,3,2
2026-06-06,인스타,모바일,260,24,7,4,2
2026-06-06,인스타,PC,75,6,2,1,1
2026-06-06,뉴스레터,모바일,181,30,8,4,2
2026-06-06,뉴스레터,PC,57,10,4,2,1
2026-06-07,자연검색,모바일,439,65,17,9,4
2026-06-07,자연검색,PC,116,18,6,3,2
2026-06-07,유료검색,모바일,525,69,20,11,6
2026-06-07,유료검색,PC,156,19,6,3,1
2026-06-07,메타광고,모바일,492,60,16,8,4
2026-06-07,메타광고,PC,120,14,5,3,2
2026-06-07,인스타,모바일,228,21,5,3,2
2026-06-07,인스타,PC,71,7,3,2,1
2026-06-07,뉴스레터,모바일,202,33,8,4,2
2026-06-07,뉴스레터,PC,55,9,3,2,1
2026-06-08,자연검색,모바일,360,52,14,8,4
2026-06-08,자연검색,PC,102,16,6,3,1
2026-06-08,유료검색,모바일,487,61,16,8,4
2026-06-08,유료검색,PC,131,15,5,3,1
2026-06-08,메타광고,모바일,408,49,14,8,4
2026-06-08,메타광고,PC,127,14,5,3,1
2026-06-08,인스타,모바일,204,18,4,2,1
2026-06-08,인스타,PC,59,5,2,1,0
2026-06-08,뉴스레터,모바일,173,30,8,5,2
2026-06-08,뉴스레터,PC,41,8,3,2,1
2026-06-09,자연검색,모바일,322,47,12,7,4
2026-06-09,자연검색,PC,86,13,5,3,1
2026-06-09,유료검색,모바일,462,58,16,9,4
2026-06-09,유료검색,PC,122,14,5,3,1
2026-06-09,메타광고,모바일,380,44,11,6,3
2026-06-09,메타광고,PC,111,13,5,3,2
2026-06-09,인스타,모바일,241,21,5,3,1
2026-06-09,인스타,PC,68,7,2,1,0
2026-06-09,뉴스레터,모바일,146,26,7,4,2
2026-06-09,뉴스레터,PC,46,8,3,2,1
2026-06-10,자연검색,모바일,330,47,12,7,3
2026-06-10,자연검색,PC,85,12,4,2,1
2026-06-10,유료검색,모바일,479,64,17,10,5
2026-06-10,유료검색,PC,134,16,6,3,2
2026-06-10,메타광고,모바일,365,43,12,7,4
2026-06-10,메타광고,PC,104,12,4,2,1
2026-06-10,인스타,모바일,249,23,6,3,2
2026-06-10,인스타,PC,64,6,2,1,1
2026-06-10,뉴스레터,모바일,174,33,9,5,2
2026-06-10,뉴스레터,PC,46,8,3,2,1
2026-06-11,자연검색,모바일,331,44,12,7,4
2026-06-11,자연검색,PC,105,15,6,3,2
2026-06-11,유료검색,모바일,401,53,15,8,4
2026-06-11,유료검색,PC,136,16,6,3,2
2026-06-11,메타광고,모바일,401,47,12,6,3
2026-06-11,메타광고,PC,123,13,5,3,1
2026-06-11,인스타,모바일,229,20,5,3,1
2026-06-11,인스타,PC,58,5,2,1,0
2026-06-11,뉴스레터,모바일,142,27,7,4,2
2026-06-11,뉴스레터,PC,45,8,3,2,1
2026-06-12,자연검색,모바일,389,55,16,9,4
2026-06-12,자연검색,PC,102,14,5,3,2
2026-06-12,유료검색,모바일,431,54,15,9,5
2026-06-12,유료검색,PC,126,15,5,3,1
2026-06-12,메타광고,모바일,453,55,16,9,4
2026-06-12,메타광고,PC,115,12,5,3,1
2026-06-12,인스타,모바일,230,21,5,3,1
2026-06-12,인스타,PC,62,6,2,1,0
2026-06-12,뉴스레터,모바일,159,27,8,4,2
2026-06-12,뉴스레터,PC,46,8,3,2,1
2026-06-13,자연검색,모바일,383,53,14,8,4
2026-06-13,자연검색,PC,124,17,6,3,2
2026-06-13,유료검색,모바일,530,63,16,9,5
2026-06-13,유료검색,PC,153,20,8,4,2
2026-06-13,메타광고,모바일,471,51,15,9,5
2026-06-13,메타광고,PC,145,17,6,3,1
2026-06-13,인스타,모바일,271,24,7,4,2
2026-06-13,인스타,PC,66,6,2,1,0
2026-06-13,뉴스레터,모바일,185,31,8,4,2
2026-06-13,뉴스레터,PC,55,9,3,2,1
2026-06-14,자연검색,모바일,439,63,16,9,4
2026-06-14,자연검색,PC,101,15,5,3,1
2026-06-14,유료검색,모바일,567,70,18,10,5
2026-06-14,유료검색,PC,134,17,6,3,1
2026-06-14,메타광고,모바일,461,54,14,7,3
2026-06-14,메타광고,PC,138,15,6,4,2
2026-06-14,인스타,모바일,286,26,7,4,2
2026-06-14,인스타,PC,78,7,3,2,1
2026-06-14,뉴스레터,모바일,189,33,9,5,2
2026-06-14,뉴스레터,PC,47,8,3,2,1
2026-06-15,자연검색,모바일,376,56,15,8,4
2026-06-15,자연검색,PC,100,15,5,3,1
2026-06-15,유료검색,모바일,426,50,14,8,4
2026-06-15,유료검색,PC,137,17,7,4,2
2026-06-15,메타광고,모바일,371,41,12,7,3
2026-06-15,메타광고,PC,116,12,4,2,1
2026-06-15,인스타,모바일,200,17,5,3,1
2026-06-15,인스타,PC,55,5,2,1,1
2026-06-15,뉴스레터,모바일,141,26,7,4,2
2026-06-15,뉴스레터,PC,46,8,3,2,1
2026-06-16,자연검색,모바일,368,56,14,8,4
2026-06-16,자연검색,PC,92,13,4,2,1
2026-06-16,유료검색,모바일,472,60,15,9,4
2026-06-16,유료검색,PC,114,14,5,3,1
2026-06-16,메타광고,모바일,396,44,11,6,3
2026-06-16,메타광고,PC,119,14,5,3,1
2026-06-16,인스타,모바일,207,20,6,3,1
2026-06-16,인스타,PC,55,5,2,1,0
2026-06-16,뉴스레터,모바일,174,33,9,5,3
2026-06-16,뉴스레터,PC,49,8,3,2,1
2026-06-17,자연검색,모바일,356,50,13,7,4
2026-06-17,자연검색,PC,87,12,5,3,1
2026-06-17,유료검색,모바일,413,50,14,8,4
2026-06-17,유료검색,PC,125,16,6,4,2
2026-06-17,메타광고,모바일,392,46,13,7,3
2026-06-17,메타광고,PC,122,14,5,3,2
2026-06-17,인스타,모바일,231,21,5,3,2
2026-06-17,인스타,PC,63,6,2,1,1
2026-06-17,뉴스레터,모바일,171,28,8,4,2
2026-06-17,뉴스레터,PC,44,8,3,2,1
2026-06-18,자연검색,모바일,319,45,11,6,3
2026-06-18,자연검색,PC,95,13,4,2,1
2026-06-18,유료검색,모바일,404,52,14,8,4
2026-06-18,유료검색,PC,112,14,5,3,1
2026-06-18,메타광고,모바일,451,53,14,7,3
2026-06-18,메타광고,PC,118,13,5,3,1
2026-06-18,인스타,모바일,214,21,5,3,1
2026-06-18,인스타,PC,69,6,2,1,1
2026-06-18,뉴스레터,모바일,154,29,8,4,2
2026-06-18,뉴스레터,PC,47,8,3,2,1
2026-06-19,자연검색,모바일,387,53,14,8,4
2026-06-19,자연검색,PC,107,15,5,3,2
2026-06-19,유료검색,모바일,451,56,16,9,4
2026-06-19,유료검색,PC,109,15,5,3,1
2026-06-19,메타광고,모바일,438,48,13,7,4
2026-06-19,메타광고,PC,123,13,5,3,1
2026-06-19,인스타,모바일,222,21,5,3,1
2026-06-19,인스타,PC,66,6,2,1,1
2026-06-19,뉴스레터,모바일,151,29,7,4,2
2026-06-19,뉴스레터,PC,49,8,3,2,1
2026-06-20,자연검색,모바일,438,61,16,9,4
2026-06-20,자연검색,PC,100,13,4,2,1
2026-06-20,유료검색,모바일,560,72,19,10,5
2026-06-20,유료검색,PC,159,20,8,4,2
2026-06-20,메타광고,모바일,497,57,14,8,4
2026-06-20,메타광고,PC,119,14,5,3,1
2026-06-20,인스타,모바일,260,22,6,3,2
2026-06-20,인스타,PC,68,6,2,1,0
2026-06-20,뉴스레터,모바일,201,38,10,6,3
2026-06-20,뉴스레터,PC,45,8,3,2,1
2026-06-21,자연검색,모바일,427,62,16,9,4
2026-06-21,자연검색,PC,103,14,5,3,1
2026-06-21,유료검색,모바일,456,54,15,8,4
2026-06-21,유료검색,PC,139,16,6,3,1
2026-06-21,메타광고,모바일,430,50,14,8,4
2026-06-21,메타광고,PC,138,15,5,3,2
2026-06-21,인스타,모바일,249,23,6,3,1
2026-06-21,인스타,PC,66,6,2,1,1
2026-06-21,뉴스레터,모바일,201,34,9,5,2
2026-06-21,뉴스레터,PC,49,9,3,2,1
2026-06-22,자연검색,모바일,323,49,13,7,4
2026-06-22,자연검색,PC,97,13,5,3,1
2026-06-22,유료검색,모바일,392,47,12,7,3
2026-06-22,유료검색,PC,134,15,5,3,2
2026-06-22,메타광고,모바일,437,46,12,6,3
2026-06-22,메타광고,PC,101,12,4,2,1
2026-06-22,인스타,모바일,202,17,5,3,2
2026-06-22,인스타,PC,62,6,2,1,1
2026-06-22,뉴스레터,모바일,144,24,6,3,1
2026-06-22,뉴스레터,PC,49,9,3,2,1
2026-06-23,자연검색,모바일,320,46,13,7,4
2026-06-23,자연검색,PC,110,16,6,3,2
2026-06-23,유료검색,모바일,425,49,13,7,3
2026-06-23,유료검색,PC,123,15,6,3,1
2026-06-23,메타광고,모바일,391,46,11,6,3
2026-06-23,메타광고,PC,120,14,5,3,1
2026-06-23,인스타,모바일,213,19,5,3,1
2026-06-23,인스타,PC,68,6,2,1,1
2026-06-23,뉴스레터,모바일,161,30,8,4,2
2026-06-23,뉴스레터,PC,43,8,3,2,1
2026-06-24,자연검색,모바일,304,46,13,7,3
2026-06-24,자연검색,PC,92,12,4,2,1
2026-06-24,유료검색,모바일,456,60,17,9,4
2026-06-24,유료검색,PC,138,18,6,4,2
2026-06-24,메타광고,모바일,419,46,11,6,3
2026-06-24,메타광고,PC,105,11,4,2,1
2026-06-24,인스타,모바일,200,19,5,3,1
2026-06-24,인스타,PC,68,6,2,1,0
2026-06-24,뉴스레터,모바일,173,29,8,4,2
2026-06-24,뉴스레터,PC,49,9,3,2,1
2026-06-25,자연검색,모바일,380,56,14,8,4
2026-06-25,자연검색,PC,91,13,4,2,1
2026-06-25,유료검색,모바일,462,55,14,7,3
2026-06-25,유료검색,PC,115,14,5,3,2
2026-06-25,메타광고,모바일,413,49,12,7,4
2026-06-25,메타광고,PC,116,14,5,3,2
2026-06-25,인스타,모바일,195,18,5,3,1
2026-06-25,인스타,PC,64,6,2,1,0
2026-06-25,뉴스레터,모바일,142,24,6,3,2
2026-06-25,뉴스레터,PC,48,9,3,2,1
2026-06-26,자연검색,모바일,326,43,11,6,3
2026-06-26,자연검색,PC,91,13,4,2,1
2026-06-26,유료검색,모바일,450,56,15,8,4
2026-06-26,유료검색,PC,127,16,6,3,1
2026-06-26,메타광고,모바일,438,49,13,7,3
2026-06-26,메타광고,PC,124,13,5,3,1
2026-06-26,인스타,모바일,206,19,5,3,1
2026-06-26,인스타,PC,64,6,2,1,0
2026-06-26,뉴스레터,모바일,166,28,8,5,3
2026-06-26,뉴스레터,PC,46,8,3,2,1
2026-06-27,자연검색,모바일,422,60,16,8,4
2026-06-27,자연검색,PC,117,16,6,3,2
2026-06-27,유료검색,모바일,517,61,17,9,5
2026-06-27,유료검색,PC,139,16,6,3,2
2026-06-27,메타광고,모바일,431,48,13,7,4
2026-06-27,메타광고,PC,128,15,5,3,1
2026-06-27,인스타,모바일,246,22,6,3,1
2026-06-27,인스타,PC,71,7,3,2,1
2026-06-27,뉴스레터,모바일,181,34,10,6,3
2026-06-27,뉴스레터,PC,57,10,4,2,1
2026-06-28,자연검색,모바일,419,60,16,8,4
2026-06-28,자연검색,PC,124,17,6,3,2
2026-06-28,유료검색,모바일,535,65,19,11,6
2026-06-28,유료검색,PC,160,19,7,4,2
2026-06-28,메타광고,모바일,471,54,15,8,4
2026-06-28,메타광고,PC,148,16,6,3,1
2026-06-28,인스타,모바일,269,25,6,4,2
2026-06-28,인스타,PC,76,6,2,1,1
2026-06-28,뉴스레터,모바일,201,33,9,5,3
2026-06-28,뉴스레터,PC,52,9,3,2,1
2026-06-29,자연검색,모바일,364,52,13,8,4
2026-06-29,자연검색,PC,99,14,5,3,1
2026-06-29,유료검색,모바일,414,48,14,7,4
2026-06-29,유료검색,PC,109,14,5,3,2
2026-06-29,메타광고,모바일,363,41,11,6,3
2026-06-29,메타광고,PC,101,12,5,3,2
2026-06-29,인스타,모바일,246,21,5,3,1
2026-06-29,인스타,PC,65,6,2,1,0
2026-06-29,뉴스레터,모바일,169,28,7,4,2
2026-06-29,뉴스레터,PC,40,8,3,2,1
2026-06-30,자연검색,모바일,373,54,15,8,4
2026-06-30,자연검색,PC,108,14,5,3,1
2026-06-30,유료검색,모바일,427,55,16,8,4
2026-06-30,유료검색,PC,113,13,5,3,1
2026-06-30,메타광고,모바일,393,46,12,7,3
2026-06-30,메타광고,PC,127,13,5,3,2
2026-06-30,인스타,모바일,248,22,6,3,2
2026-06-30,인스타,PC,65,6,2,1,0
2026-06-30,뉴스레터,모바일,140,25,6,3,1
2026-06-30,뉴스레터,PC,41,7,2,1,0
2026-07-01,자연검색,모바일,320,45,11,6,1
2026-07-01,자연검색,PC,87,12,4,2,0
2026-07-01,유료검색,모바일,480,63,17,10,2
2026-07-01,유료검색,PC,124,14,5,3,1
2026-07-01,메타광고,모바일,417,51,15,8,2
2026-07-01,메타광고,PC,116,14,5,3,1
2026-07-01,인스타,모바일,231,21,5,3,1
2026-07-01,인스타,PC,66,6,2,1,0
2026-07-01,뉴스레터,모바일,161,30,8,4,1
2026-07-01,뉴스레터,PC,42,7,3,2,0
2026-07-02,자연검색,모바일,331,46,11,6,1
2026-07-02,자연검색,PC,96,14,5,3,1
2026-07-02,유료검색,모바일,404,47,12,7,1
2026-07-02,유료검색,PC,135,17,6,3,1
2026-07-02,메타광고,모바일,401,44,12,6,1
2026-07-02,메타광고,PC,113,13,5,3,1
2026-07-02,인스타,모바일,213,20,5,3,1
2026-07-02,인스타,PC,57,5,2,1,0
2026-07-02,뉴스레터,모바일,138,26,7,4,1
2026-07-02,뉴스레터,PC,42,8,3,2,0
2026-07-03,자연검색,모바일,305,41,11,6,1
2026-07-03,자연검색,PC,103,16,5,3,1
2026-07-03,유료검색,모바일,462,60,15,9,2
2026-07-03,유료검색,PC,123,14,5,3,1
2026-07-03,메타광고,모바일,393,47,14,7,2
2026-07-03,메타광고,PC,118,12,5,3,1
2026-07-03,인스타,모바일,216,20,5,3,1
2026-07-03,인스타,PC,54,5,2,1,0
2026-07-03,뉴스레터,모바일,166,31,7,4,1
2026-07-03,뉴스레터,PC,41,8,3,2,0
2026-07-04,자연검색,모바일,365,56,15,8,2
2026-07-04,자연검색,PC,116,17,6,3,1
2026-07-04,유료검색,모바일,454,52,13,7,1
2026-07-04,유료검색,PC,138,17,6,3,1
2026-07-04,메타광고,모바일,474,55,15,9,2
2026-07-04,메타광고,PC,130,15,6,3,1
2026-07-04,인스타,모바일,285,25,7,4,1
2026-07-04,인스타,PC,70,7,3,2,0
2026-07-04,뉴스레터,모바일,202,39,11,6,1
2026-07-04,뉴스레터,PC,49,9,3,2,0
2026-07-05,자연검색,모바일,379,56,16,9,2
2026-07-05,자연검색,PC,115,17,7,4,1
2026-07-05,유료검색,모바일,500,60,16,8,2
2026-07-05,유료검색,PC,157,21,8,5,1
2026-07-05,메타광고,모바일,485,57,16,9,2
2026-07-05,메타광고,PC,120,13,5,3,1
2026-07-05,인스타,모바일,252,22,6,3,1
2026-07-05,인스타,PC,78,7,3,2,0
2026-07-05,뉴스레터,모바일,193,36,9,5,1
2026-07-05,뉴스레터,PC,50,9,3,2,0
2026-07-06,자연검색,모바일,313,48,12,7,1
2026-07-06,자연검색,PC,105,14,5,3,1
2026-07-06,유료검색,모바일,404,50,12,7,1
2026-07-06,유료검색,PC,127,17,6,3,1
2026-07-06,메타광고,모바일,373,45,13,8,2
2026-07-06,메타광고,PC,110,13,5,3,1
2026-07-06,인스타,모바일,205,18,5,3,1
2026-07-06,인스타,PC,66,6,2,1,0
2026-07-06,뉴스레터,모바일,152,25,6,3,1
2026-07-06,뉴스레터,PC,46,8,3,2,0
2026-07-07,자연검색,모바일,359,56,15,8,2
2026-07-07,자연검색,PC,96,14,5,3,1
2026-07-07,유료검색,모바일,404,53,14,8,2
2026-07-07,유료검색,PC,111,13,5,3,1
2026-07-07,메타광고,모바일,388,42,11,6,1
2026-07-07,메타광고,PC,116,14,5,3,1
2026-07-07,인스타,모바일,244,21,6,3,1
2026-07-07,인스타,PC,67,6,2,1,0
2026-07-07,뉴스레터,모바일,143,26,7,4,1
2026-07-07,뉴스레터,PC,43,8,3,2,0
2026-07-08,자연검색,모바일,323,44,11,6,1
2026-07-08,자연검색,PC,109,15,6,3,1
2026-07-08,유료검색,모바일,485,62,16,8,2
2026-07-08,유료검색,PC,129,17,6,3,1
2026-07-08,메타광고,모바일,407,45,12,7,1
2026-07-08,메타광고,PC,107,13,4,2,0
2026-07-08,인스타,모바일,203,18,5,3,1
2026-07-08,인스타,PC,69,6,2,1,0
2026-07-08,뉴스레터,모바일,160,28,7,4,1
2026-07-08,뉴스레터,PC,48,9,3,2,0
2026-07-09,자연검색,모바일,332,48,14,7,2
2026-07-09,자연검색,PC,106,14,5,3,1
2026-07-09,유료검색,모바일,472,62,16,8,2
2026-07-09,유료검색,PC,130,17,6,3,1
2026-07-09,메타광고,모바일,459,55,15,9,2
2026-07-09,메타광고,PC,118,13,5,3,1
2026-07-09,인스타,모바일,226,21,6,3,1
2026-07-09,인스타,PC,65,6,2,1,0
2026-07-09,뉴스레터,모바일,177,31,8,4,1
2026-07-09,뉴스레터,PC,50,9,3,2,0
2026-07-10,자연검색,모바일,321,47,12,6,1
2026-07-10,자연검색,PC,101,14,5,3,1
2026-07-10,유료검색,모바일,431,55,14,8,2
2026-07-10,유료검색,PC,116,15,6,3,1
2026-07-10,메타광고,모바일,439,48,12,7,1
2026-07-10,메타광고,PC,117,12,4,2,0
2026-07-10,인스타,모바일,199,18,5,3,1
2026-07-10,인스타,PC,62,5,2,1,0
2026-07-10,뉴스레터,모바일,143,27,7,4,1
2026-07-10,뉴스레터,PC,41,7,3,2,0
2026-07-11,자연검색,모바일,452,67,18,10,2
2026-07-11,자연검색,PC,106,16,6,3,1
2026-07-11,유료검색,모바일,528,64,17,10,2
2026-07-11,유료검색,PC,158,19,6,3,1
2026-07-11,메타광고,모바일,533,63,18,10,2
2026-07-11,메타광고,PC,141,16,5,3,1
2026-07-11,인스타,모바일,276,26,7,4,1
2026-07-11,인스타,PC,76,7,3,2,0
2026-07-11,뉴스레터,모바일,171,32,9,5,1
2026-07-11,뉴스레터,PC,54,10,3,2,0
2026-07-12,자연검색,모바일,451,65,16,9,2
2026-07-12,자연검색,PC,101,14,5,3,1
2026-07-12,유료검색,모바일,562,70,17,10,2
2026-07-12,유료검색,PC,130,17,6,3,1
2026-07-12,메타광고,모바일,468,53,15,8,2
2026-07-12,메타광고,PC,121,13,5,3,1
2026-07-12,인스타,모바일,224,20,5,3,1
2026-07-12,인스타,PC,71,7,3,2,0
2026-07-12,뉴스레터,모바일,166,31,9,5,1
2026-07-12,뉴스레터,PC,52,9,3,2,0
2026-07-13,자연검색,모바일,335,47,13,7,1
2026-07-13,자연검색,PC,110,16,6,3,1
2026-07-13,유료검색,모바일,489,64,18,10,2
2026-07-13,유료검색,PC,124,15,6,3,1
2026-07-13,메타광고,모바일,403,43,12,6,1
2026-07-13,메타광고,PC,115,13,5,3,1
2026-07-13,인스타,모바일,237,22,6,3,1
2026-07-13,인스타,PC,56,5,2,1,0
2026-07-13,뉴스레터,모바일,154,28,7,4,1
2026-07-13,뉴스레터,PC,44,8,3,2,0
2026-07-14,자연검색,모바일,362,52,13,7,2
2026-07-14,자연검색,PC,95,13,5,3,1
2026-07-14,유료검색,모바일,439,58,15,8,2
2026-07-14,유료검색,PC,119,14,5,3,1
2026-07-14,메타광고,모바일,441,46,11,6,1
2026-07-14,메타광고,PC,109,13,5,3,1
2026-07-14,인스타,모바일,207,17,5,3,1
2026-07-14,인스타,PC,67,6,2,1,0
2026-07-14,뉴스레터,모바일,144,25,7,4,1
2026-07-14,뉴스레터,PC,50,8,3,2,0
2026-07-15,자연검색,모바일,363,54,15,8,2
2026-07-15,자연검색,PC,93,13,4,2,0
2026-07-15,유료검색,모바일,427,49,13,7,2
2026-07-15,유료검색,PC,136,18,6,3,1
2026-07-15,메타광고,모바일,430,50,13,7,2
2026-07-15,메타광고,PC,122,14,5,3,1
2026-07-15,인스타,모바일,240,20,6,4,1
2026-07-15,인스타,PC,57,5,2,1,0
2026-07-15,뉴스레터,모바일,166,27,8,5,1
2026-07-15,뉴스레터,PC,43,8,3,2,0
2026-07-16,자연검색,모바일,358,54,13,7,1
2026-07-16,자연검색,PC,110,16,6,3,1
2026-07-16,유료검색,모바일,434,56,14,8,2
2026-07-16,유료검색,PC,113,13,4,2,0
2026-07-16,메타광고,모바일,417,50,13,7,2
2026-07-16,메타광고,PC,109,12,4,2,0
2026-07-16,인스타,모바일,244,21,5,3,1
2026-07-16,인스타,PC,55,5,2,1,0
2026-07-16,뉴스레터,모바일,144,25,7,4,1
2026-07-16,뉴스레터,PC,50,9,3,2,0
2026-07-17,자연검색,모바일,355,50,15,9,2
2026-07-17,자연검색,PC,110,17,7,4,1
2026-07-17,유료검색,모바일,443,58,14,7,1
2026-07-17,유료검색,PC,110,14,6,4,1
2026-07-17,메타광고,모바일,450,53,13,7,2
2026-07-17,메타광고,PC,109,12,4,2,0
2026-07-17,인스타,모바일,216,20,6,3,1
2026-07-17,인스타,PC,56,5,2,1,0
2026-07-17,뉴스레터,모바일,143,24,6,3,1
2026-07-17,뉴스레터,PC,39,7,3,2,0
2026-07-18,자연검색,모바일,373,54,14,8,2
2026-07-18,자연검색,PC,118,17,6,3,1
2026-07-18,유료검색,모바일,471,54,15,8,2
2026-07-18,유료검색,PC,133,16,6,3,1
2026-07-18,메타광고,모바일,473,54,13,7,1
2026-07-18,메타광고,PC,119,14,5,3,1
2026-07-18,인스타,모바일,233,21,6,3,1
2026-07-18,인스타,PC,68,6,2,1,0
2026-07-18,뉴스레터,모바일,195,36,9,5,1
2026-07-18,뉴스레터,PC,48,8,3,2,0
2026-07-19,자연검색,모바일,443,68,19,10,2
2026-07-19,자연검색,PC,102,15,5,3,1
2026-07-19,유료검색,모바일,508,59,17,9,2
2026-07-19,유료검색,PC,138,18,7,4,1
2026-07-19,메타광고,모바일,460,54,16,9,2
2026-07-19,메타광고,PC,123,14,5,3,1
2026-07-19,인스타,모바일,284,27,7,4,1
2026-07-19,인스타,PC,63,6,2,1,0
2026-07-19,뉴스레터,모바일,161,30,8,5,1
2026-07-19,뉴스레터,PC,45,8,3,2,0
2026-07-20,자연검색,모바일,362,49,13,7,1
2026-07-20,자연검색,PC,103,15,5,3,1
2026-07-20,유료검색,모바일,421,54,15,8,2
2026-07-20,유료검색,PC,136,18,7,4,1
2026-07-20,메타광고,모바일,412,50,15,8,2
2026-07-20,메타광고,PC,126,15,5,3,1
2026-07-20,인스타,모바일,225,20,5,3,1
2026-07-20,인스타,PC,55,5,2,1,0
2026-07-20,뉴스레터,모바일,171,28,8,4,1
2026-07-20,뉴스레터,PC,46,9,3,2,0
2026-07-21,자연검색,모바일,302,44,11,6,1
2026-07-21,자연검색,PC,87,13,4,2,0
2026-07-21,유료검색,모바일,386,48,14,7,1
2026-07-21,유료검색,PC,114,14,5,3,1
2026-07-21,메타광고,모바일,445,48,13,7,1
2026-07-21,메타광고,PC,104,12,5,3,1
2026-07-21,인스타,모바일,199,17,5,3,1
2026-07-21,인스타,PC,61,6,2,1,0
2026-07-21,뉴스레터,모바일,156,30,8,4,1
2026-07-21,뉴스레터,PC,47,8,3,2,0
2026-07-22,자연검색,모바일,317,46,11,6,1
2026-07-22,자연검색,PC,98,14,5,3,1
2026-07-22,유료검색,모바일,432,58,14,8,2
2026-07-22,유료검색,PC,119,15,5,3,1
2026-07-22,메타광고,모바일,446,50,12,7,2
2026-07-22,메타광고,PC,122,14,5,3,1
2026-07-22,인스타,모바일,242,23,6,3,1
2026-07-22,인스타,PC,56,5,2,1,0
2026-07-22,뉴스레터,모바일,173,32,9,5,1
2026-07-22,뉴스레터,PC,50,9,3,2,0
2026-07-23,자연검색,모바일,382,58,14,7,1
2026-07-23,자연검색,PC,96,14,5,3,1
2026-07-23,유료검색,모바일,497,65,16,9,2
2026-07-23,유료검색,PC,116,15,6,3,1
2026-07-23,메타광고,모바일,432,50,13,7,1
2026-07-23,메타광고,PC,102,12,4,2,0
2026-07-23,인스타,모바일,227,21,5,3,1
2026-07-23,인스타,PC,67,6,2,1,0
2026-07-23,뉴스레터,모바일,152,26,7,4,1
2026-07-23,뉴스레터,PC,48,8,3,2,0
2026-07-24,자연검색,모바일,329,45,11,6,1
2026-07-24,자연검색,PC,91,14,5,3,1
2026-07-24,유료검색,모바일,387,50,14,7,2
2026-07-24,유료검색,PC,113,13,4,2,0
2026-07-24,메타광고,모바일,450,48,13,7,2
2026-07-24,메타광고,PC,119,14,5,3,1
2026-07-24,인스타,모바일,226,21,5,3,1
2026-07-24,인스타,PC,69,6,2,1,0
2026-07-24,뉴스레터,모바일,168,30,8,4,1
2026-07-24,뉴스레터,PC,46,8,3,2,0
2026-07-25,자연검색,모바일,429,63,16,9,2
2026-07-25,자연검색,PC,118,16,6,3,1
2026-07-25,유료검색,모바일,474,62,15,9,2
2026-07-25,유료검색,PC,159,20,8,5,1
2026-07-25,메타광고,모바일,481,58,15,8,2
2026-07-25,메타광고,PC,128,14,5,3,1
2026-07-25,인스타,모바일,241,22,5,3,1
2026-07-25,인스타,PC,72,7,3,2,0
2026-07-25,뉴스레터,모바일,202,36,9,5,1
2026-07-25,뉴스레터,PC,52,10,3,2,0
2026-07-26,자연검색,모바일,383,54,16,9,2
2026-07-26,자연검색,PC,113,15,5,3,1
2026-07-26,유료검색,모바일,484,60,15,8,2
2026-07-26,유료검색,PC,149,17,6,3,1
2026-07-26,메타광고,모바일,425,48,12,7,1
2026-07-26,메타광고,PC,131,14,5,3,1
2026-07-26,인스타,모바일,246,23,7,4,1
2026-07-26,인스타,PC,79,8,3,2,0
2026-07-26,뉴스레터,모바일,173,32,9,5,1
2026-07-26,뉴스레터,PC,53,10,3,2,0
2026-07-27,자연검색,모바일,379,56,16,9,2
2026-07-27,자연검색,PC,94,13,5,3,1
2026-07-27,유료검색,모바일,424,55,15,8,2
2026-07-27,유료검색,PC,135,17,6,4,1
2026-07-27,메타광고,모바일,443,50,13,7,2
2026-07-27,메타광고,PC,116,14,5,3,1
2026-07-27,인스타,모바일,223,21,6,3,1
2026-07-27,인스타,PC,61,5,2,1,0
2026-07-27,뉴스레터,모바일,151,26,7,4,1
2026-07-27,뉴스레터,PC,48,8,3,2,0
2026-07-28,자연검색,모바일,307,45,12,7,1
2026-07-28,자연검색,PC,88,12,4,2,0
2026-07-28,유료검색,모바일,437,52,13,7,2
2026-07-28,유료검색,PC,139,16,6,3,1
2026-07-28,메타광고,모바일,460,53,14,7,1
2026-07-28,메타광고,PC,129,15,5,3,1
2026-07-28,인스타,모바일,192,18,5,3,1
2026-07-28,인스타,PC,56,5,2,1,0
2026-07-28,뉴스레터,모바일,159,27,7,4,1
2026-07-28,뉴스레터,PC,40,8,3,2,0
2026-07-29,자연검색,모바일,322,50,13,7,1
2026-07-29,자연검색,PC,100,15,5,3,1
2026-07-29,유료검색,모바일,486,57,15,8,2
2026-07-29,유료검색,PC,116,14,5,3,1
2026-07-29,메타광고,모바일,447,49,12,7,1
2026-07-29,메타광고,PC,106,11,4,2,0
2026-07-29,인스타,모바일,236,22,6,3,1
2026-07-29,인스타,PC,64,6,2,1,0
2026-07-29,뉴스레터,모바일,174,30,8,5,1
2026-07-29,뉴스레터,PC,39,7,2,1,0
