날짜,유입채널,디바이스,유입,상세조회,장바구니,결제시작,결제완료,채널친구,광고동의
2026-07-01,자연검색,모바일,184,82,4,1,1,57,38
2026-07-01,자연검색,PC,55,24,2,1,0,17,11
2026-07-01,유료검색,모바일,220,89,4,1,1,62,41
2026-07-01,유료검색,PC,66,27,2,1,0,19,13
2026-07-01,메타광고,모바일,217,84,3,1,1,58,39
2026-07-01,메타광고,PC,65,25,2,1,0,17,12
2026-07-01,인스타,모바일,112,38,1,0,0,26,18
2026-07-01,인스타,PC,33,11,1,0,0,8,5
2026-07-02,자연검색,모바일,191,85,4,1,1,59,40
2026-07-02,자연검색,PC,52,23,2,1,0,16,11
2026-07-02,유료검색,모바일,222,90,4,1,1,62,42
2026-07-02,유료검색,PC,61,25,2,1,0,17,12
2026-07-02,메타광고,모바일,204,79,3,1,1,55,37
2026-07-02,메타광고,PC,61,24,2,1,0,17,11
2026-07-02,인스타,모바일,123,42,1,0,0,29,20
2026-07-02,인스타,PC,33,11,1,0,0,8,5
2026-07-03,자연검색,모바일,220,98,5,2,1,68,46
2026-07-03,자연검색,PC,60,27,2,1,0,19,13
2026-07-03,유료검색,모바일,245,99,4,2,1,69,46
2026-07-03,유료검색,PC,75,30,2,1,0,21,14
2026-07-03,메타광고,모바일,273,106,4,1,1,74,49
2026-07-03,메타광고,PC,67,26,2,1,0,18,12
2026-07-03,인스타,모바일,124,42,1,0,0,29,20
2026-07-03,인스타,PC,37,13,1,0,0,9,6
2026-07-04,자연검색,모바일,195,87,4,1,1,60,40
2026-07-04,자연검색,PC,55,25,2,1,0,17,12
2026-07-04,유료검색,모바일,263,106,5,2,1,74,49
2026-07-04,유료검색,PC,68,28,2,1,0,19,13
2026-07-04,메타광고,모바일,279,109,4,2,1,76,51
2026-07-04,메타광고,PC,69,27,2,1,0,19,13
2026-07-04,인스타,모바일,124,42,1,0,0,29,20
2026-07-04,인스타,PC,38,13,1,0,0,9,6
2026-07-05,자연검색,모바일,200,89,4,1,1,62,41
2026-07-05,자연검색,PC,51,23,2,1,0,16,11
2026-07-05,유료검색,모바일,266,108,5,2,1,75,50
2026-07-05,유료검색,PC,68,27,2,1,0,19,13
2026-07-05,메타광고,모바일,245,95,4,1,1,66,44
2026-07-05,메타광고,PC,74,29,2,1,0,20,13
2026-07-05,인스타,모바일,122,42,1,0,0,29,20
2026-07-05,인스타,PC,33,11,1,0,0,8,5
2026-07-06,자연검색,모바일,218,97,5,2,1,67,45
2026-07-06,자연검색,PC,57,25,2,1,0,17,12
2026-07-06,유료검색,모바일,242,98,4,1,1,68,46
2026-07-06,유료검색,PC,68,28,2,1,0,19,13
2026-07-06,메타광고,모바일,281,109,5,2,1,76,51
2026-07-06,메타광고,PC,67,26,2,1,0,18,12
2026-07-06,인스타,모바일,123,42,1,0,0,29,20
2026-07-06,인스타,PC,40,14,1,0,0,10,7
2026-07-07,자연검색,모바일,219,97,5,2,1,67,45
2026-07-07,자연검색,PC,60,27,2,1,0,19,13
2026-07-07,유료검색,모바일,276,111,5,2,1,77,52
2026-07-07,유료검색,PC,67,27,2,1,0,19,13
2026-07-07,메타광고,모바일,233,91,4,1,1,63,42
2026-07-07,메타광고,PC,68,26,2,1,0,18,12
2026-07-07,인스타,모바일,127,43,1,0,0,30,20
2026-07-07,인스타,PC,39,13,1,0,0,9,6
2026-07-08,자연검색,모바일,182,81,4,1,1,56,38
2026-07-08,자연검색,PC,48,21,2,1,0,15,10
2026-07-08,유료검색,모바일,234,95,4,1,1,66,44
2026-07-08,유료검색,PC,59,24,2,1,0,17,11
2026-07-08,메타광고,모바일,206,80,3,1,1,56,37
2026-07-08,메타광고,PC,60,23,2,0,0,16,11
2026-07-08,인스타,모바일,104,36,1,0,0,25,17
2026-07-08,인스타,PC,29,10,0,0,0,7,5
2026-07-09,자연검색,모바일,197,87,4,1,1,60,40
2026-07-09,자연검색,PC,59,26,2,1,0,18,12
2026-07-09,유료검색,모바일,268,108,5,2,1,75,50
2026-07-09,유료검색,PC,74,30,2,1,0,21,14
2026-07-09,메타광고,모바일,242,94,4,1,1,65,44
2026-07-09,메타광고,PC,75,29,2,1,0,20,13
2026-07-09,인스타,모바일,126,43,1,0,0,30,20
2026-07-09,인스타,PC,39,13,1,0,0,9,6
2026-07-10,자연검색,모바일,209,93,5,2,1,65,43
2026-07-10,자연검색,PC,54,24,2,1,0,17,11
2026-07-10,유료검색,모바일,234,95,4,1,1,66,44
2026-07-10,유료검색,PC,73,29,2,1,0,20,13
2026-07-10,메타광고,모바일,240,93,4,1,1,65,43
2026-07-10,메타광고,PC,74,29,2,1,0,20,13
2026-07-10,인스타,모바일,135,46,1,0,0,32,21
2026-07-10,인스타,PC,32,11,1,0,0,8,5
2026-07-11,자연검색,모바일,191,85,4,1,1,59,40
2026-07-11,자연검색,PC,55,24,2,1,0,17,11
2026-07-11,유료검색,모바일,249,101,5,2,1,70,47
2026-07-11,유료검색,PC,75,31,2,1,1,22,14
2026-07-11,메타광고,모바일,263,102,4,1,1,71,47
2026-07-11,메타광고,PC,65,25,2,1,0,17,12
2026-07-11,인스타,모바일,130,44,1,0,0,31,20
2026-07-11,인스타,PC,35,12,1,0,0,8,6
2026-07-12,자연검색,모바일,230,102,5,2,1,71,47
2026-07-12,자연검색,PC,63,28,2,1,0,19,13
2026-07-12,유료검색,모바일,331,134,6,2,1,93,62
2026-07-12,유료검색,PC,88,36,3,1,1,25,17
2026-07-12,메타광고,모바일,284,110,5,2,1,76,51
2026-07-12,메타광고,PC,85,33,2,1,0,23,15
2026-07-12,인스타,모바일,153,52,2,1,0,36,24
2026-07-12,인스타,PC,40,14,1,0,0,10,7
2026-07-13,자연검색,모바일,190,84,4,1,1,58,39
2026-07-13,자연검색,PC,52,23,2,1,0,16,11
2026-07-13,유료검색,모바일,210,85,4,1,1,59,40
2026-07-13,유료검색,PC,58,23,2,1,0,16,11
2026-07-13,메타광고,모바일,212,83,3,1,1,58,39
2026-07-13,메타광고,PC,63,24,2,1,0,17,11
2026-07-13,인스타,모바일,114,39,1,0,0,27,18
2026-07-13,인스타,PC,28,10,0,0,0,7,5
2026-07-14,자연검색,모바일,175,78,4,1,1,54,36
2026-07-14,자연검색,PC,55,24,2,1,0,17,11
2026-07-14,유료검색,모바일,219,89,4,1,1,62,41
2026-07-14,유료검색,PC,68,28,2,1,0,19,13
2026-07-14,메타광고,모바일,249,97,4,1,1,67,45
2026-07-14,메타광고,PC,66,26,2,1,0,18,12
2026-07-14,인스타,모바일,111,38,1,0,0,26,18
2026-07-14,인스타,PC,32,11,1,0,0,8,5
2026-07-15,자연검색,모바일,165,73,4,1,1,51,34
2026-07-15,자연검색,PC,46,20,2,1,0,14,9
2026-07-15,유료검색,모바일,234,95,4,1,1,66,44
2026-07-15,유료검색,PC,58,23,2,1,0,16,11
2026-07-15,메타광고,모바일,220,85,4,1,1,59,40
2026-07-15,메타광고,PC,65,25,2,1,0,17,12
2026-07-15,인스타,모바일,118,40,1,0,0,28,19
2026-07-15,인스타,PC,28,10,0,0,0,7,5
2026-07-16,자연검색,모바일,207,92,5,2,1,64,43
2026-07-16,자연검색,PC,55,24,2,1,0,17,11
2026-07-16,유료검색,모바일,290,117,5,2,1,81,54
2026-07-16,유료검색,PC,73,30,2,1,0,21,14
2026-07-16,메타광고,모바일,279,108,4,1,1,75,50
2026-07-16,메타광고,PC,77,30,2,1,0,21,14
2026-07-16,인스타,모바일,128,44,1,0,0,31,20
2026-07-16,인스타,PC,34,12,1,0,0,8,6
2026-07-17,자연검색,모바일,215,95,5,2,1,66,44
2026-07-17,자연검색,PC,56,25,2,1,0,17,12
2026-07-17,유료검색,모바일,262,106,5,2,1,74,49
2026-07-17,유료검색,PC,76,31,2,1,1,22,14
2026-07-17,메타광고,모바일,232,90,4,1,1,62,42
2026-07-17,메타광고,PC,66,26,2,1,0,18,12
2026-07-17,인스타,모바일,131,45,1,0,0,31,21
2026-07-17,인스타,PC,34,11,1,0,0,8,5
2026-07-18,자연검색,모바일,214,95,5,2,1,66,44
2026-07-18,자연검색,PC,59,26,2,1,0,18,12
2026-07-18,유료검색,모바일,270,109,5,2,1,76,51
2026-07-18,유료검색,PC,79,32,2,1,1,22,15
2026-07-18,메타광고,모바일,291,113,5,2,1,78,53
2026-07-18,메타광고,PC,74,29,2,1,0,20,13
2026-07-18,인스타,모바일,130,44,1,0,0,31,20
2026-07-18,인스타,PC,39,13,1,0,0,9,6
2026-07-19,자연검색,모바일,214,95,5,2,1,66,44
2026-07-19,자연검색,PC,57,25,2,1,0,17,12
2026-07-19,유료검색,모바일,268,109,5,2,1,76,51
2026-07-19,유료검색,PC,67,27,2,1,0,19,13
2026-07-19,메타광고,모바일,251,97,4,1,1,67,45
2026-07-19,메타광고,PC,71,28,2,1,0,19,13
2026-07-19,인스타,모바일,126,43,1,0,0,30,20
2026-07-19,인스타,PC,33,11,1,0,0,8,5
2026-07-20,자연검색,모바일,179,80,4,1,1,56,37
2026-07-20,자연검색,PC,47,21,2,1,0,15,10
2026-07-20,유료검색,모바일,216,87,4,1,1,60,40
2026-07-20,유료검색,PC,69,28,2,1,0,19,13
2026-07-20,메타광고,모바일,204,80,3,1,1,56,37
2026-07-20,메타광고,PC,64,25,2,1,0,17,12
2026-07-20,인스타,모바일,107,36,1,0,0,25,17
2026-07-20,인스타,PC,34,12,1,0,0,8,6
2026-07-21,자연검색,모바일,166,74,4,1,1,51,34
2026-07-21,자연검색,PC,55,24,2,1,0,17,11
2026-07-21,유료검색,모바일,231,93,4,1,1,65,43
2026-07-21,유료검색,PC,60,24,2,1,0,17,11
2026-07-21,메타광고,모바일,215,84,3,1,1,58,39
2026-07-21,메타광고,PC,59,23,2,0,0,16,11
2026-07-21,인스타,모바일,109,37,1,0,0,26,17
2026-07-21,인스타,PC,35,12,1,0,0,8,6
2026-07-22,자연검색,모바일,188,83,4,1,1,58,39
2026-07-22,자연검색,PC,51,23,2,1,0,16,11
2026-07-22,유료검색,모바일,229,93,4,1,1,65,43
2026-07-22,유료검색,PC,65,26,2,1,0,18,12
2026-07-22,메타광고,모바일,212,83,3,1,1,58,39
2026-07-22,메타광고,PC,68,26,2,1,0,18,12
2026-07-22,인스타,모바일,109,37,1,0,0,26,17
2026-07-22,인스타,PC,34,12,1,0,0,8,6
2026-07-23,자연검색,모바일,187,83,4,1,1,58,39
2026-07-23,자연검색,PC,48,21,2,1,0,15,10
2026-07-23,유료검색,모바일,231,94,4,1,1,65,44
2026-07-23,유료검색,PC,58,24,2,1,0,17,11
2026-07-23,메타광고,모바일,220,85,4,1,1,59,40
2026-07-23,메타광고,PC,59,23,1,0,0,16,11
2026-07-23,인스타,모바일,110,38,1,0,0,26,18
2026-07-23,인스타,PC,33,11,1,0,0,8,5
2026-07-24,자연검색,모바일,205,91,4,1,1,63,42
2026-07-24,자연검색,PC,53,24,2,1,0,17,11
2026-07-24,유료검색,모바일,255,103,5,2,1,71,48
2026-07-24,유료검색,PC,71,29,2,1,0,20,13
2026-07-24,메타광고,모바일,220,85,4,1,1,59,40
2026-07-24,메타광고,PC,73,29,2,1,0,20,13
2026-07-24,인스타,모바일,109,37,1,0,0,26,17
2026-07-24,인스타,PC,32,11,1,0,0,8,5
2026-07-25,자연검색,모바일,234,104,5,2,1,72,48
2026-07-25,자연검색,PC,65,29,2,1,1,20,13
2026-07-25,유료검색,모바일,251,101,5,2,1,70,47
2026-07-25,유료검색,PC,73,29,2,1,0,20,13
2026-07-25,메타광고,모바일,291,113,5,2,1,78,53
2026-07-25,메타광고,PC,82,32,2,1,0,22,15
2026-07-25,인스타,모바일,122,42,1,0,0,29,20
2026-07-25,인스타,PC,36,12,1,0,0,8,6
2026-07-26,자연검색,모바일,214,95,5,2,1,66,44
2026-07-26,자연검색,PC,66,29,2,1,1,20,13
2026-07-26,유료검색,모바일,273,110,5,2,1,76,51
2026-07-26,유료검색,PC,73,30,2,1,0,21,14
2026-07-26,메타광고,모바일,242,94,4,1,1,65,44
2026-07-26,메타광고,PC,82,32,2,1,0,22,15
2026-07-26,인스타,모바일,143,49,2,0,0,34,23
2026-07-26,인스타,PC,39,13,1,0,0,9,6
2026-07-27,자연검색,모바일,208,93,5,2,1,65,43
2026-07-27,자연검색,PC,58,26,2,1,0,18,12
2026-07-27,유료검색,모바일,261,106,5,2,1,74,49
2026-07-27,유료검색,PC,74,30,2,1,0,21,14
2026-07-27,메타광고,모바일,227,88,4,1,1,61,41
2026-07-27,메타광고,PC,68,26,2,1,0,18,12
2026-07-27,인스타,모바일,125,43,1,0,0,30,20
2026-07-27,인스타,PC,37,13,1,0,0,9,6
2026-07-28,자연검색,모바일,186,83,4,1,1,58,39
2026-07-28,자연검색,PC,50,22,2,1,0,15,10
2026-07-28,유료검색,모바일,239,97,4,1,1,67,45
2026-07-28,유료검색,PC,69,28,2,1,0,19,13
2026-07-28,메타광고,모바일,223,87,4,1,1,60,40
2026-07-28,메타광고,PC,59,23,1,0,0,16,11
2026-07-28,인스타,모바일,109,37,1,0,0,26,17
2026-07-28,인스타,PC,35,12,1,0,0,8,6
2026-07-29,자연검색,모바일,163,72,4,1,1,50,33
2026-07-29,자연검색,PC,54,24,2,1,0,17,11
2026-07-29,유료검색,모바일,245,99,4,2,1,69,46
2026-07-29,유료검색,PC,69,28,2,1,0,19,13
2026-07-29,메타광고,모바일,239,93,4,1,1,65,43
2026-07-29,메타광고,PC,62,24,2,1,0,17,11
2026-07-29,인스타,모바일,110,38,1,0,0,26,18
2026-07-29,인스타,PC,34,12,1,0,0,8,6
2026-07-30,자연검색,모바일,173,77,4,1,1,53,36
2026-07-30,자연검색,PC,48,21,2,1,0,15,10
2026-07-30,유료검색,모바일,226,91,4,1,1,63,42
2026-07-30,유료검색,PC,59,24,2,1,0,17,11
2026-07-30,메타광고,모바일,211,82,3,1,1,57,38
2026-07-30,메타광고,PC,61,24,2,1,0,17,11
2026-07-30,인스타,모바일,114,39,1,0,0,27,18
2026-07-30,인스타,PC,29,10,0,0,0,7,5
